,long,short
0,f14uhu5hiqo4p3le4fszjzkfpk7y2eobnvjcz5e7i,"f01920150
"
1,f1dgd6amat67gotnq7ech3yctiijhwcah2wn3j3cy,"f093072
"
2,f1ybjdj6yh3cb6ltslejecyx7gosgngjwv6ld2nwi,"f01919583
"
3,f1wet6zhekppz4g7x7qgtp524smrolkmcac3o7xgq,"f034038
"
4,f1jvvltduw35u6inn5tr4nfualyd42bh3vjtylgci,"f01841173
"
5,f3wvjvz5yay332ibhacepr6juebwbralmlyhjlq5b5hpt5pgljdtbmfxk42frdwrqewbaikhgz65ztv2vdde2q,"f01814836
"
6,f3quokedm6cwko7nuiubv7wywa6edbryda3bwwfobivfimj2nhtsff25iqfagsoiuact7437rphjrfo7qoycyq,"f034045
"
7,f1fg6jkxsr3twfnyhdlatmq36xca6sshptscds7xa,"f01818099
"
8,f1rw76pc3bg2obkzgz4zb62nssjq4szwia6vb5vly,"f030720
"
9,f3uqltfzgoauastv6hltgcjhf7y74jj5vevpy7a2hwsrnv6sxzwkpy3pdjzzgwqd7pv75mn77clwztqx62fqwq,"f0114434
"
10,f3uwqu37dt23c5kijeacqgqb3unk364fzprl4zcyjfrow53uwwcy2dhyue423pvxa24xsvlphk7a7awvyfchdq,"f019559
"
11,f3vvyvfsehpdtihck4tu7dy6xljd7wehkyacf5ln5ym6wwjptrhrazyr3f3c3zgb23ig7fvg2eibjydfiteegq,"f01484067
"
12,f3syukuirby5qf4y457rccroxwoe66jhjdtacemm3i62363yxmby2leyuin527fxc2jozozu5mr5ab7ytuzleq,"f0223842
"
13,f3wttj66ouizyd6zbpjlrnl73z2qbqj3zae2uifel2uyppzvbpo7hsoacwwl63szuevgbez2jkwa6lwj4ylasa,"f01315375
"
14,f3rdq7aqywltztmrwi3pfho7fdm4m4gttctayooparb5my2usktcpuoopb26pjezg4en6vbwdfkfomtw3aamda,"f08074
"
15,f3u57zp2e5hexxw7el2dym23n6if3vmex7flj3pntw2zsr6vxr3ckpaacylxpslv2h5gvtvf3g447moh47lm6q,"f01275160
"
16,f3tc5xobom4isztyntz6mmxvyvxlxzvjy4plmtiejdbwpu2evefdjr3ln726hdkxox2e7rahaksxz4vqdhzg6q,"f01864423
"
17,f3r7c4oilrb4t5ucc6m3dmq6cxu3psfd4hoc4pmopvmepimqy5kns3s52rnksqfrmgj5u6zn6t3yj4olbpp6ea,"f01746938
"
18,f3reoavg7trkhbybttwnfes65wvzm7c3bprvfbjyqoaj4fuoqeoszcpv5etju7fvq6gb5tanuhsvbyhmldl7pq,"f0107696
"
19,f15lc7y6zu26zgjjnklkxnmetmy644357pkaa3edi,"f044120
"
20,f1dnfppjrehzwrj6jpsxfxvvyfyjtjfa5gp6rgvkq,"f01104653
"
21,f1tfg54zzscugttejv336vivknmsnzzmyudp3t7wi,"f01877808
"
22,f154r4j5c6lrbdxecy5ywvqwpji7dl3y4jsg45ffq,"f01066962
"
23,f16cfm3a3247siwofdlzd5ep7ntmcvumyoq6di3bi,"f01071745
"
24,f3snlszv64qe66ajdjswcvctspv7erpt2bf4u5vwfji6i5ann5qa3lmp5fpopohkgkhs2mo67vbfp557zvyqja,"f01874058
"
25,f3wsb53zdnexr5mequbhr5xlacxhj6txv76jhakpr5mnndh7grasaqng6kcyxuvu3rfgc2g5aapmk53egie2zq,"f0715168
"
26,f3qbvtpa7c3vzj64fi6qrkqlumuhws445bjfe6ndzur5thj3vha6cjifhf32b6ltjfi5ghfl5lfjwsecmk4zta,"f01104065
"
27,f3v76tffxdski2z3dtfnxmxnhjem4firjqc5nusywm6fusrwcfhkvhdsjvzavsydscjd3zduvrt3trt4df4a6q,"f01104494
"
28,f3vizpryiu7s5seiniizca44m5hqspqioaquwvdt3tvkj72vnsomyiuti66l2brlyp72tqvfsi32k4m2ns6gnq,"f01028988
"
29,f1ktlkcxnmzxcdaoqfsunrg3vocfbmgv4n3mrn74a,"f01840229
"
30,f3spgfctaj7nnzd7ijwsoxwa6wtgnobc3euugsffuotjzxcdttuwljk4ytefghklnuxv43t62ik2xz64r3jc6a,"f01861068
"
31,f3qyrgkzbdocej5typobgalvtljfnd4i3epxqffxefdba6gpj4ab4xg7gbdirwh5k3d2pwxdmpyltdkjybzrta,"f01051700
"
32,f1e77zuityhvvw6u2t6tb5qlnsegy2s67qs4lbbbq,"f01833571
"
33,f3rp2wiyn62l7h23ogdermybynseikcte46drngnq6djtokut3cvienuytgafjyuxuchjsmwfq36brf6lzv4za,"f0751677
"
34,f1dnb3uz7sylxk6emti3ififcvu3nlufnnsjui6ea,"f01843653
"
35,f3rvjkudk6qlpszqybc2c4ue47nhni6pwy5ecqurjuin537ehgqv4fvxkl2myrvdx75vk5qlx7bg4vmkhz5zha,"f0224939
"
36,f3wfsudgpzjb7njkymtee7i537kthv6ptbjtg2stkgvilk5g6lge5e4sdgqqjpvwjqwyynxmchnlpatq23xcyq,"f0227619
"
37,f1zd3fyrp4rhvfmmflra4lrnut3qlstb636w6jogi,"f01638800
"
38,f1u2isdrkaobdbqryvz7vhqcf2sn3pdzsime5g4xa,"f01707207
"
39,f1uefn5z47hl72sokoyvcwbdtbuj5cmmgido2txha,"f01785968
"
40,f1hscbif3t444fyhzdtumh7yf4zlezeigkrgmzpqi,"f0514286
"
41,f14lwf3q5ihmacnp4bd3ai3upd3kficremy26foxi,"f01868631
"
42,f3ugmq2m6nc4ljjnc4rilqqs5c2hwmbn6esqyvymh55tbhzb5pdvxgkgo3uiaqkzxl5jjjvbcjw7r62fwhteda,"f0700939
"
43,f3wajshhm3fgduecnz4us5ru72orzpehnxedswtvnaam6qjc4lyotnve4bxr7wdiy5js7xoglaa4h3fkacl5sq,"f01235673
"
44,f3qgvndsrfpymxxhu4bfol5hoiqdeqv4ommfvpmbpa4sjt2oxn5vv3xjxoklubsmyjr6vef76xfxcuw3i6ezia,"f01137800
"
45,f3w7v35wzdnh2l3mijoap6sdcqvwxrqdf66pc2ofhqgxwmqj7yk56b3zaq4zgnewy7m4273l6cr4u6h2upkuga,"f01795157
"
46,f3qtgmyfhkjswtzkdsezcwuugqz4u27qx4gebqvazarpyw46a7rarkbg7ttbddnjrldonlcc7he6wupcuxh4ta,"f099881
"
47,f3s4hxpwakaxmhlqxnltulun342i6uaqanibmp3ew2tzzoc2qxotyqgszhuasve2bbwg723g2f22ooxeho34uq,"f099880
"
48,f1fd7pgiygdwnsvxqj7n3f4ixuioq5btgok25mgzi,"f01416078
"
49,f3qa75i5q3hs5vsptdhgnsn3zwfto3exuvbzcdpb2sowd6jpmjbnx4o7yohz2y6s5g2qt55gii7mrbcey7om5a,"f01128313
"
50,f3seq33wpxull6valhnfn67qielmjw2tdowxd3e2hsyz7ukskb7p3o2w5j6d32jucecnafcbh5z5nif5bxmrxa,"f01128309
"
51,f3vdrdchz7oj367by5i7te2jx4eibfx4funyjimukwvybd7xaqjvhdhngvt5hr76k462wltzoqnpn6nbue3poa,"f01787171
"
52,f3uabm2w2i6oazfwcl3otrajrn3yejbrqq26kx5xrrh2lv4obfqas2cisig3t2etz75ellshfjkn7eqzr5o4da,"f01900508
"
53,f3wr2bgfpr277jaqq3ce6syu72cfraljiy3g67j4buubrbvdezf3p74hbuzdbievoiiaes7wo64cuk4q6444uq,"f01848596
"
54,f3xd3fijln2nzuzq5rd46hfjusk3bsrbczdmwrfeup5rl2uz4hadss5sqkwty7dluqpb2fn2hiyiqher5hvwma,"f01848601
"
55,f3vtxebgdp2zy7qu4glfsw7uznzsbdove44eh7cyk5f7unq5evs7ae24pg7zt7txkn3fxmytpgrv46svtbwl6a,"f01848627
"
56,f3s3fqndvvcscxjya3vej3hh4moveuf27witbg5wnmkpnj343qeppiuyzgnj775yqmzcebzrnrzlltkg4b3ubq,"f01848641
"
57,f3v3hecflj4g3u7igw6d73tauzcosn62pljsw2ob74fveid47lcud27pswydl4icu2zeztpf3oddt3suoeogvq,"f01848634
"
58,f1teowr2y6jmcxhdl22bibaxydbfev4sqiqvrq3ty,"f01892903
"
59,f3vrzvmi7o7iet74gktxu6igmxhnus52n5l2w6xdgsvu2gbgl7adnh2eajipvdpobcjrppfedzdzbz3lmxt4xq,"f01885249
"
60,f1z3qerzu3wew2rn7khhtxhrd3rz74f73ynbtkd3q,"f01798097
"
61,f126fwrzeit24lle2j2cbxicwmtst2j6kcfp2ba6i,"f01552788
"
62,f12uknfljr246uisb4ww7y5z4girbefdqpi4fi64y,"f01611135
"
63,f13mgaavpzwrdogtl36uxjgqpwew4ohrt6ln2u7ly,"f0403393
"
64,f13vtwldyycj32sxhenrd7gmwj72hhatvuoydjxii,"f01074655
"
65,f3wxfzxcxiks55n2ppft6eoszy53aqifywid3d6inwjugn6gsckbgd5mrvtbnany6lpr3wegv6datac4gdv52q,"f0838843
"
66,f3vzghcihlk4gfyj37hkhztuft6e6qjdto2dv46kfdsvgqqrztckeiy4qyqeiwqljxbtmdc6mupadom4spyb4q,"f01682244
"
67,f15q4n6aiq6gay6bldt22x6v5kxmfgrxchcntdqgq,"f0110132
"
68,f3vsyu5bhpx322lnywdwakpraxfttvfyfiv3xfdgvrbf4teefc7zz3tue4hsyq5egbufxawwe2brhvzzdep56a,"f0440035
"
69,t3rv2keg5qjjrxfqofuruc5p7rv6ii25helnmlwhi5ifjwajwayq6nmxqwqbr3ezz5bdkluul5bfw4s7xxveeq,"f01189447
"
70,f3vqrhaj4jnl6vcdr6ohrl7l32gqkqwg5nh3kj4t3rs5y2dzhrbdqhvercejbqqtxwq65bmuniuzl4kokmqycq,"f0838840
"
71,f3vkkzejinedmyp5it5qlqc3l5wgtrjs5utvztefnsy2b2fwq6clq3ady5amy6vjwi2vis4ehdrodcb6ta2anq,"f0440133
"
72,f3vifjymkopxa3hzwsppeg3mspsopsmtcv6wquhswcmyorvm4ymrorlchxyhwt4l2w2mces3dmrnzhhkemjbca,"f0838835
"
73,f3ukscanavfhuk6sm7fslvnwxcp6uw3z42z2t5rzu3lfys4ljfpldax4t75zzyo5memxa6tdtxk34d54c6rpma,"f092613
"
74,f3qjjocvbqxbbeok7jm4drjflzmymit2zxular5iofmuc7ntf7b4zj4wtmykw5hvtq57nm4335xc7d4y55k5cq,"f0834391
"
75,f3tgg77zojoku5jwvrahw7eunj5vrmxqsln4soptsp2bjwb62xb5eto7ptz3zluduktc53qkq6owbr7nnn5xwq,"f065269
"
76,f3sx42ivve2hnrxung2m5kxiqrm7bgcoqy42fba55vwxjpwvtvh3i4vojf3nqumji24l3ejoy7jottnt4vjjga,"f01137603
"
77,f3ssnrugznykzvovrx2wdbjx7cujjt7nfezlmdm7zek7vgb6ss3jb74kov7ewcnyumvwfny4wbcs6sut6qw3ua,"f01832324
"
78,f3srltdd7fvnukjpywap5wksbpmdenhvwr6imza3nxlxycmmi2lit2kbisij5wly5fmjwcatmetyktpd5tfydq,"f030572
"
79,f3soc7zkcvskadgbxt2zusgj2iota6kwa3vacyssscwdyjv3sex77uuwkjv63kz23s2lcppkchtnsz7mjefeya,"f0440131
"
80,f3sdmhlemj7ufhk3g6uxhjv7dkowloq4w3srtv3uwcikuk2mm37d55tfekgr3tcrxqvoicplpynbzknyjljqjq,"f01901730
"
81,t3uwhltxvrhq7vvvjcjirztpiptlag3shinpbg7fucbe7xrqrm5udtcox5zwgur6xafskd6l4a6ea663ghikcq,"f01374192
"
82,f3rrljgbr76qgqabuwc2kmu5uef5ot3ghg6srxt3bnj67yhwj75gnd26rnmfiszydcbsenv4fq6j4boob5bdla,"f01752247
"
83,f3rkr6sdghpzhm4za3v2jua22j7qlgytm4hxfgnhftlgvevg5esyqzep2yrs2zx3t4wjyuzgqc6tadkeskpo7q,"f01149086
"
84,f3rezt4muchzjm6zfegkxpy7rhjsuswzifc24fmibhtdenovglowxjmubqchxyctjvwj4tkek6okdosnw26yga,"f01775920
"
85,f3refgfi5jqoggh2dyac343urr6i3misryl4wxtng3d7kbtt3afdx7tibia3evtgnqwinuhyqxzwuugb4b3jwq,"f0838844
"
86,f3qrguequ7jx56kpndchxlqfybfsv3dejuul4vctnjxllsyqb2xyfbcaisvbi2s6ij3uqhp5cao5wctxdwxjha,"f01752231
"
87,f3qi6f6fbui7izpfr2oas5bkqw45gawxioniligl7nuxhf4zhsw4pppxiv7jlxwwuu5zfskfm5jmqq7bhwbfsa,"f01049911
"
88,f3qb53s5wqwmpki6iafvzithaduu2ynasuwwddfy3fophl52r3lv6xr6xjrfysq2sr3i6w2k7yqad3dg7wfbaq,"f030619
"
89,t3teaq64tt756r7a3cyetbrnwtdp5apvsqisigjc2ehfln6pgyw7c32g4vsphmnrl3p4cdqejgb3nff53gkasa,"f01873896
"
90,f13ztm7dcjs5y7uryrorlvuzl4tihg5ad742f4s5i,"f0403313
"
91,f14ahmfm72xjc7pwnepxbj7rapy226oiapuzvceay,"f01075236
"
92,f14tczk3mvlbvacf3lrtz2z3vghoxo5eczcp7jgly,"f01078692
"
93,f3ss6xrn3sdoxt7lyfzlimogsxg3ryfm6b3abqfiqowivjwiybmtaosp3lidhlxkn4jev456kicmjix4lk6z5q,"f0820852
"
94,f17t4wnmxajmxak2etyody7omkd4i32d3iotsyk7a,"f01071761
"
95,f17vpk5gq7vctuilti2mwspsyf6i6f2nzwbaw3mxy,"f0439993
"
96,f1agrncetay4ql2ir3alxazbhotv7mkh5apw3eu7y,"f0441439
"
97,f1ah2mafwi2dd3ow6qyri5mcxgmhvuhzsb2hgm6qy,"f01465445
"
98,f1dxq5ymngx3cdzjpe73gz4fdljxqqspsiavvb6qy,"f0441443
"
99,f1emremeidtrtr5jqejjuzuxumpwbjlhe3qdpk4za,"f01089025
"
100,f1epzplqtkjbp7tik2y2sgqouu3gedai3kygrqk3y,"f01715290
"
101,f1ffriskv5usyam7a2dmpv4g4jrdvv7h6nmb47w4y,"f01752233
"
102,f1fxxzmzqgaimalpg4343q6anqkb6krud5coabwuq,"f01565407
"
103,f1gzxe74gbwukztvmxzj3i7icsrhfclzclpxppfrq,"f01089032
"
104,f1h32dhm3w3t2qmvbhgc3jn4xrpqxavtgnj7ctzda,"f0120205
"
105,f1hsa2t73htydzqzghoqvqke7mumpjehgjotngjfa,"f0441442
"
106,f1xv4rqydirlspbre2asjinqln4emg6flssgosjbq,"f01089035
"
107,f1x5oisdlxwnhwdgzsd7fxw2y3akeu2rmbjn5pt4q,"f0865483
"
108,f1ws3n5tuxtyg26lraqkjirz7qon7y7ckju7hhmii,"f01819389
"
109,f1wrzhpcsq4agpqugkjqiht7smjedgrzcsmi4iddq,"f0110150
"
110,f1vyqvgq3uyri5z67i65ktgd3z27dfpuyr3q3zu2i,"f0441438
"
111,f1vx7mrgo3wdwwnp5sch7l6jmrf3el2te33hzvl4y,"f0441441
"
112,f1hz4zbabnk5tbdpf5gleawqd5x7idjdmqzxshzia,"f01086858
"
113,f1iaybgmyywnd3wjoniexfvrebpid2qhd2vdqkz2i,"f01089036
"
114,f1ihpk2zgr447v4kxqn3o5b3lizmtprooqrbdmkhy,"f01066970
"
115,f1il5xjb76bwd3ucnicuackiz2zlrxmu6hnjzpujy,"f0441435
"
116,f1jbuabatuk4azxrccbwwhvtgpbaz6m3mxqwtjrcq,"f01624259
"
117,f1jko66zsahkk3ote2aiirgtiy2m4yqjuvl235kha,"f01656512
"
118,f1jrqov7v2hgwhsu45u4bg57hexwlu24hu4gnazqa,"f01416898
"
119,f1mlwm7tlnuphaahl6i2acb3c6spr7mqraz6344iq,"f01073073
"
120,f1ngggncvdhysn62kbocfr2vapxgbu5azfcgv24ia,"f01507133
"
121,f1nj3hbrou4nhfy63ntovgicbxlgzrbt7smpv6ofi,"f01760151
"
122,f1lgubfadbxryp2dqlbvlsduhgfb4u3gsoef2brwi,"f0110149
"
123,f1p5xntexinhnw4h6din4abrlddp53vogyvuiq3sy,"f01089034
"
124,f3qnp2byflgeqkkvyyhtbryule75a5jftl4sa33eemh2oq4dvwpkria7k56lompiezmuj35iss5by5phrvehua,"f01137108
"
125,f1pgb45p7fohmdjjin4n2jmoe5rgs6f5rvmip6gbq,"f01066952
"
126,f1pxy6auk7gmumn7ybc4bydbhkc5fgw5daormrlki,"f01074489
"
127,f1quvbybolurp6d4xzthieupygtco6mcakwflzwya,"f01656452
"
128,f1snuuovztewfejwnfgx7hm2nwxz77m34wqdk3poq,"f01164283
"
129,f1tt5yvfxj6fp3f7xxeicuvyd6pxfclhaz3yb24fi,"f0441434
"
130,f1uhc5v6w4fkxu6qnecyjkwkcscfuz55mirzosbfq,"f01656506
"
131,f1uy6o4atqq3gxmaybkf2yilomplhk3p3u633ezhi,"f0441437
"
132,f1vao377ejwc6xxjr3iinq7lafpzinekdr2kwrs6a,"f01066982
"
133,f1oa467xoczyarzyfbge6vlwg677jo2ndet5zgn2y,"f0441440
"
134,f1vl227cgwwgf5autpmkwfvifjyyryka4nalymnti,"f0120206
"
135,f1vnh3qnbsufjwbn6d2ukrvev5qnemxgwthfyiyuy,"f01080828
"
136,f3sddzxk7ez2fmnehvpgqi4g7eb57miccimq5z2fzuj3xcqw7myak4wdlos2rhgal2r74is3txtjcecydrwz7q,"f01168644
"
137,f3rftkorinmdecn72vw2d22r35kmkpvg7ohmezhx7q53ydm6oaz7jfsnzknqhvcysn6ta2hwt2omis6ioujnka,"f0752814
"
138,f3rkltnd5zhuwtiizx6syppgjcvvvo2qt3jzlzfb5zo7hrlryw4x6lovq6c7ztcdmgnenfjm44p2rnkeyt6tba,"f0754719
"
139,f3vysizojgwc2e6e7i6zqkwhnhgbbtj4gsgerg7kohsjvdx3aaqvo3ejcigochctpbyruluxjbtk3ala2x6bna,"f0395978
"
140,f3qb6rpk5q7cf4svzpfgstyxibhxzsqlf2bn7o7nv3edi563cqcarzgz2re53xsssv45hnunppq6rj7kfxmbaa,"f0137515
"
141,f3v567y4f7kep3xz5644rjujwthkpsln2co22hylofxgjpeit22smnq5l4on7wlvt6c4n4ndplcyzyhkdhkx3a,"f01653482
"
142,f3v4jzdyvmo2pcni65zpkrkgba6alobnfqshcq5qjtzu52jzyeif5zhiujn472glbjjiv64qwzm7o22tg6edyq,"f01654180
"
143,f3rad36ehhxis2popmekv7jgqtrqesv5jkcio6ml5of6v6l6ji3j6weua7rihdrbqi67gun3xh2owhconbyhha,"f01674726
"
144,f1x337tk6p6duridqnt34g63qp4sqemxoz3caiehi,"f01205005
"
145,f165cfyx6bwlkfzcius4qmvfecq3rfoj4sao7zgai,"f01861056
"
146,f1burt6gifwskdzojizwmwl2lad7hvwyj6edpjqda,"f01741939
"
147,f3rncfknhe2dssdniekluzqi4vlec5dbilxphqlurx3dvijdvy5falundvchtom3fegmt3ib7zthhdgnfndusa,"f01674959
"
148,f3xfte6xfikw5qh4lwl75n5olqcsrh4e4lgvd45pklbm4bxgr4zrhg7r3raa76us4u57chuzahv5eocezyuetq,"f01674963
"
149,f1omfusjnkd5hw4q3s5zvhl3f4ljxv224mpssl3ha,"f01893240
"
150,f3w65wafdb3tghv4gysxqqvkgix5z65qhzkofgtb2nbaprlva7z5dbnjjonkokrou6se3iosqphqkr4k4ski7a,"f01707285
"
151,f3weqje5ykgqiiqndt6sku3mnv2unjk4kk6l5m3hd5dq53vsn7racyzwufbgcvjhubmml6i2yzbv5perzexesa,"f01707809
"
152,f3v4lkiqckuvdigtgybex2p62lfykcqbkeh7rkljkqnnbiu2mzotxrgnqd57pbrojtnk3zylhg3p7gh3earksa,"f01707808
"
153,f3ud7jiycfbfhqf7gyutvkghutfxbjge45bx6b2vilbjy5kd4gb6g5bkob2vym5elsleyxuuj4bsva7kghsnla,"f01707284
"
154,f3taphfivl6yup7alahp456hefv44iehc6tdhkeyah5tv3aqnqkvrd24eokauuijipglfpv4ovde6b6t424ovq,"f01759086
"
155,f1wxhnytjmklj2czezaqcfl7eb4nkgmaxysnegwii,"f0128874
"
156,f14f5bofcijj2v5uvszfe3pf3swvwmubxoeejc4xq,"f01175897
"
157,f3wertoeceljlrscjuygauyrgookfaudg4gludkslzehthozzx5gx6acsbarzz3372g66jhbasvczwk6evg5ya,"f01759085
"
158,f3vuyva7cfiu3ejtfemosrhpbpclbwqkmrqrzllokovhemctotk7aiertom7tdbtxwst5shcpbmzsucoez7hdq,"f01759087
"
159,f3vo7vskp5hzsb4ivz5jp6wz6ftpiorhh3bjn4g7h67awgfveie7acjy2iwm2vs3cjf7lptwtgtrl5inko3awq,"f01759089
"
160,f3va57xid5wmrdrlojlfw7u2ctu2em32yypdpymujadlg4otyme6hu4en6bq4afdzy2kgavkvorw4itk24hpra,"f01769466
"
161,f3qan3p6cjrn76dmusjtsc6narnelcqcrzavizrr5vnmxhmgzcdounhqq4bywqvmzuvibclhnmuzwtpoywbqrq,"f01783781
"
162,f3xhmu2q57sk4a4l44nbkh2djdf7jrii7s35d2mdcyaaf2agkdx2mvnfd5a6szufxdfrkvx34kagybq5rzh7bq,"f01769469
"
163,f14bofllb4gj72u6ajl4nspqlprqud53k2s564pgy,"f0391771
"
164,f3uthx55xfuy2ors4jzpqvhp6t4s4zzdcb36h7yog2mmoxamvkdopjwhaedsxuw2ovx7hvsjkqw73zglx5hqca,"f01770876
"
165,f3swr76tvabnqptahrtdw6bc7jgzz4x2pxlde7ssx54ef3s2eu2uclhcriqiq5jly2g6tymjub37rrvm2dbdpq,"f01771506
"
166,f3q53kml6o3yqjyverhwm5q75uy2okv65tkwgdnuvglqk55zldob7pit65hcpe2hlglfzfpsua6kwqtf2lem6q,"f01772033
"
167,f3r63n3lnonueixkhzho3eqpl6hujoaunm4orvopxpcm73j23kuxveiw5sujqbj6fse52ut6ysfpbwzmyizjea,"f01772034
"
168,f3rnc2qwdjdigwpuxzmz26aihsrtc2wodndwoiibggpga2df3ifnnsx6lcact3znyzslhfrcdx7dvrvgsmwjva,"f01772037
"
169,f3vfui2cerznfc7lj2aoclwzzm7ps24r7hamk6kplvfskh3eqmfar7r45nkzfbbiohjzjjsjqmnmgvo27zc2zq,"f01772039
"
170,f3thruqry6qb4wnck5esd54462lsszwj6re3y7hrkamt5irflyuryygohqi5mv2kmforja4cn5zq3denpl3vjq,"f01772040
"
171,f3wn4em5flma5seg73vk2yfo5h7pousqgkqbyc6i52g7zerjeuxiorpowpeb7ojb5kop7bmoivv2tmu27nemsq,"f01772043
"
172,f3stmgcrjyrjg7kevd3wviszoiu2tuo5kb5f3prm6pieikq7ty3qqrsqdekzl4ttooo6ey5zbirydf6d4nbaaa,"f01772046
"
173,f3um53iyonkjqusfufrgcmmcz2nywsha2vm6xxcoqpaw477fgpyzc4upiggsrrrdaci62nxccyif3mpb2ncl4a,"f01788064
"
174,f3w2c7fmm4sqpzcapjtlcriqtwonubyvbtenrrpx63d7ngwc6srxz3ukbedccr4cwedjll5m6dt4liy5tawt4a,"f01788068
"
175,f3qsv3lrodi44rfxmkwv2uvfeaczvlbd2twsijbfrpo5bkn3q4oqlgeatk75prsof7sziiznvxvh7pd2pn76uq,"f01788069
"
176,f3sscdanneik5sllz7fy5c4uetbx3o3lvh73bbybfxfuypyexrygcyuui4meo5y36vlptixa2suj5tkv3eswha,"f01788072
"
177,f3vssg5iogbyiavpezpgjbv4lcvy4mw2abovcm4fgm7bgypjuo247cs6cobwhjjf3sgvrqsessz2exrauoy3cq,"f01788073
"
178,f3v6kwzl5skj2hciyffnt67p7w65huxs6bnndj6e4tvuykh6u23kyndcjmfamfezyo2wdnavlmemwbzbdof7ea,"f01796706
"
179,f3qyr7a24nlrjj6am2cmykooqszq7homiq7gafjmk26i6qe4ofzcwk2dgkdkndkwtikbpwk6bwl6bxx7tepraa,"f01802936
"
180,f3v2bujmjhxugk3wtwwqha3za7vxmetyvd5rfj2dxff7zekibcclmbhd2ytrmrfls7bb2bz53ehcpl5npss5hq,"f023242
"
181,f1uqqr7hekcz6j43nx274pu3c2ylekbjahj36v7hy,"f034834
"
182,f3rn5mrkeii5ktq5ylkbeho2zb3zwnyjwthlhtxlkxqtih4d34o6tmih37l4nsvwrouj3yksp3y5v456gmcbda,"f01873757
"
183,f3wyyt6loowubamx5iactku3c4llqxilawfsdab6ihwwaeftdfzd5lnolcybtxtykmn5v64jn7cou2qsgtklwq,"f01827761
"
184,f3rhao6hkf4upennxvmccmwi23asuxwutlt2fqul4p42bxocsmjc4dpe5wzb3txc433ixej7rcd3pgrtdlai5a,"f01822329
"
185,f3xdt4eyevh45nidr2xceu534u2gjcmtk5crnvlpourmp666sjbrvard4dznmgk2zgf25u2dwlc3if65wtfpoa,"f01788074
"
186,f3q3qkjmqac4ansepvml3ccjtvnaw63yfeyigx7mzrlpagzczlph77z435w2hdjvusqgqoya5i24ig7ep7flzq,"f01819588
"
187,f3qzltjjlvubntljcyddz5lnbwrtm3vnqpy3uvwcbkimrbasona45mc5s5xxebyopaaudp3axtx4sstm5fa6sa,"f01893280
"
188,f3qdgnzweo6nvw3nqcvr37meew7xp6mccvcmxb53uf2lfi3gkz4csiozyrcesvasiyoz6bdntqountws7gtapq,"f01786382
"
189,f3vodexdnu4ta3jwftslusd5umvvkaouyfhbui23vfmn54j4zcb5nvyz4grhnt5ms56umcdjxvphwsirokipaa,"f01771380
"
190,f3sigtpxafopsnualvx3oawxjgxgd5nck4jmix55fxotucpr66grvro6cbo3oihqtzeretjqf2676wectcuuuq,"f01720336
"
191,f13qr26tzq54znpz62me7rbolvffdswkdtumvcfka,"f01194282
"
192,f3ut3mcouq52ykfsy3fu234q53phhp3lqiualrgwrx7fjlwyq4jvgykeu6w2zswz6zr2ttkdaglevqnxot6wiq,"f01199340
"
193,f3wnlzwoakoyhyoyimozrh32nyprmrezuosemqw46cpxwacc3tj5jdunsiajk6jbo4lncjqcgjfsqeetf3tqoa,"f01201290
"
194,f3rnxyjvsvedgvorsfryrymly45twsljnz3tb6myoo7a3titqlw3ah34uepcj2jvlqu64zkeovhb3m2vztxatq,"f01207003
"
195,f3svoolrsql6tm5gfjkebuclmxgrjorlcnqivz3anlinritjsvtqrixxghgzk362rvyrzi3r6n53lttza6yyza,"f01207158
"
196,f3qvdpimnoape6xp3hwalyq4bdc6jbzyxktlz5izexat65qmfvzhnb6s3u6cmfsbi5bv2cuad2k2w5hicplosq,"f01844439
"
197,f3swi4dwh2qxtav3mtead4hlwxzl6u3vacjwxx46wkpshg2uthm6sh3rbeufhpe462cxhaifz2uzrty27xhpfa,"f01879875
"
198,f3qryiyu2sbctpmpivtpqmch52nlxyodluauz3b52mhylxxd7a6rzqzfctwwcnqz4h2h5hp6pqjvhrqd7vihqa,"f01896466
"
199,f3rkubq46luupdrvyhx4vhpfybrjuppslpeougkdx6kvn2eaknhyvu34e3nm54ey3h7nbwjhedam5gdcqhzufq,"f01916480
"
200,f3qikho5g7dzpsuwhdnupegiecbk5v74ptxgqivgmxo3j3x6cdfxpwbeuaap7vh64sqboqwslspf25par2ecja,"f01825465
"
201,f3uuav6tp3h7bef5iuvldw2z66w2tmdc6a2wi57jmbyjjyutleoxwgksnwg6rbhmdpetpq2jiiasq4wf4vegfa,"f01832575
"
202,f3ulehpqhfppyqnnlnfhlcaxorobh7g5xfwpr42ayy42uynhx7occxty3fq5rsxllbcywlcaob6j5kct7mffhq,"f01830389
"
203,f3uiqlz5r5rowdrlejfwtlgvdcxazilsgpdms24exwrzkk35hpmbvabnwp64nifekg43gdudr56nl623rk2ejq,"f01784896
"
204,f3waqhsynu4a3w2a4mcwfaprd4fu6rgd3uuvt7mwj5v24br7u6vcb37xbvgbdgekaav3vcc3m6spz6etuh4aja,"f08391
"
205,f3suonaut35ecmeh2r76wsvzly26ktxs4htj2kmd3hsvwwpji4pofkaqfr4amecyom57vzxyevqn3ojlpqnkda,"f01830427
"
206,f17xdri3wunqgld7dm23e4f3eqsntjakwc47xjo6i,"f01758608
"
207,f3suggm7kdkyqsasj2zu6qgo6eubnrrfv3luv57b5r2o7ydvjrme6o7c4hjfrdqbxt5xfw5bd7o2his233ndda,"f0478752
"
208,f1urzmd3btddhr7txxa3if42psmbdddvvgo5mqqii,"f0495413
"
209,f3xcwxt33hdyvwjweq5ickf6m5rgoaxn62w2nvioy3kuqfasob3rah4lkflwvj63cl2km5ybpwcqzcndajpurq,"f0495415
"
210,f3wdoyiv5xa7jkguz5wq6mwjv3htq5j2kkf4qudcg6obs7b2igdpqnpybekai6iyg3siehovvxnzrkym5vnyiq,"f01825466
"
211,f3s3f22s2kipqhdeeda5syu3coqw5nvo4hdzmaojg5nljh4oalcwwokmci4pv7r3u6ga7g5gnov2bimjpadx2q,"f01828089
"
212,f3swdprejn3t3g7hlabkqmbuxaug4ou27sww3grharlovuktug2umwubxwv57dlee2iwto4lunz66jv2sifceq,"f01829455
"
213,f3w25ivbv2qsqnrof7btmbpbwct5b42nvazetfgptwrqmrsdkjdynxpum4rwmonqvi4ulk7mz55uljyvwehiiq,"f01843493
"
214,f3rc4lsm4b5gxecsgd5ne3k6vtiugf47txlhm2evp45ay5hla7csyj564ipehlnxmh2wr2y4tz5iksf5ixursa,"f01844123
"
215,f1pt46y4vlmoi4v7r3q5qmjil3p4jj5vp24wgzbzy,"f01259232
"
216,f3sqhxnoyryiylbo4egjixzkqovwcymsbahuya27keyu36q46miu2pccihlewgpfya6beqgpdssbd2m3crpi2q,"f01843494
"
217,f3u46czdg2xzfwloq55j6ggv7axp3dixs35grxzrafr57layhqigjn2myefitgyhl33kb3q23up2xbxrxmq3ea,"f01843496
"
218,f3wxdyi4z5vhm2vwbvzlhvhsv7avqqerdm7f4sqcegzqeyhwccuswbhqs2uq4am3adycckildgfhih7q3dtgaa,"f01843498
"
219,f3re36lhr2a25u7kq5lkutkwp42lk46hwnqo6d2o3txvlvua6kigtf55z7yp5psf6alhxq5fouvn5mwyiu726a,"f01895694
"
220,f1vt2z4uoky4qbcp2forysu3zb7xgibwhcaccep7q,"f01099924
"
221,f3qy5wn2s7nhyoczpebgtherwi7fff7ftuuuts2gy4uumqgresm62jocsvmlltnsx7xabzzoahyy6laq6wbeoq,"f01843883
"
222,f3qbgfwjorpav3pb272dt335vh63q65ir3z7fzfb5azk5caudgp4nu5puefeak22abz5turdn6qutb63psirua,"f01844589
"
223,f3qs7wbtvw2pyylt53zbl4vt4ly2pssvh4k4ovw7koscpvbtwzz3i43eyym7nf4toktqm2unssyjsufe33v2kq,"f01895756
"
224,f3vjupio7ydmi7pxvkya3nj6ls3uwr6yvbyoulcxse6xlq7ogixpw2n2y33dwzvxrgy3kk4ep7piiu36xxhfvq,"f01895814
"
225,f1sbpewalihggw6nmlp3lpf6wwfq2gds4pfcxaqiq,"f01912538
"
226,f3shp2pv3hlbn4cl26hj6bjof4ckxznwm2mteox5ydeqhlarssa6u4fsui25ec7lcc73775h3375mazq6ey74a,"f01885226
"
227,f3qif4fjeywgbk6lbkfugf6zp6si2nd2bnu2dm75d3hvr46bbt6hok52nediwq6luhdi3jum67rrzt3s47acfa,"f01843884
"
228,f3w5n7u7p5jnnd4uqlgkoziggbqdpr4mby2cmnrtus7hgkf7w3jtzk53au322tqx2stzgjv72qs7w6utrdhx5a,"f01843885
"
229,f1xc3hws5n6y5m3m44gzb3gyjzhups6wzmhe663ji,"f029506
"
230,f3ulp2nix3gupz7mq43l5dpiqb2osceaeuzyeli7ftyji6rftb66aqsdlkzkv3t7xpwcjjyg5ocyz6edorpq7a,"f0721865
"
231,f3uxlwngfo77wmbu574k2nrdj2afgji5oi23mbbmbplpxtqpvcnueuuuvakpbguiedq7zkzdz5spzomfuwxa5a,"f01885225
"
232,f3rwctjpkptr3qyrrrcm3fxescpuu7cajq6spuwofnzcwo56vi326d3v37s6ggohlywivvlno3yz7hvhtbeifa,"f01843886
"
233,f3r642kvrw26en2naggujcb4rmpcdesoag6vysfnhwv4zoduv2qaik52hqs4jo6td3tuby44b7othupjrajdta,"f01888989
"
234,f3wkjkmxdt45rwy5x4l3neievmdv3emue23mud7s5447h7vbg2t2fgkn65gjtsj467hm7eixw4praipuda3xrq,"f01895922
"
235,f14on2grvuzrh3kdphg3yqbdqpfo7wkumtqcfx5ci,"f01896617
"
236,f3rpzamtk6qinkpb4cj43whur53fci6yds7i7n7dl5pt647cefxds73jhzfqahh3cgajbpwscj5wzdtjfcsira,"f01843890
"
237,f1b7ed6t5oywwl3ffgtgw4hxl5yhqktofsmqyklga,"f01314872
"
238,f12kvzynh4vk3a5iyloeov4tt3evnzir5prhvupma,"f030246
"
239,f3s27hw2h3b3mhn6spzuklrtbpgaqfz7e4dacnehqfvze6upm2owvzs36xv2fhh5yjd5nbc5s6ghggmyzzb3pq,"f0121137
"
240,f3shnal7wcnod4q4rwt3dlob4bw6uiyiynmrb6a3t2adjrzju7r5lpx2seu6egvb6oxlk42yq627qhzmyskoua,"f0121138
"
241,f3vrzgy3srskopfoi5dgnxh3nmc3dysdzsbco3vo7dwtijorxoin7u6dvdkbimdctkm74lxb6so2wzdlg4mvrq,"f01895910
"
242,f3rlywqdfis4jswkkkulwgd43ywsdudfcme3wkdprs7ozggjydpupaxn43mjdxawhvnrcmqmswy3jcmtcphnuq,"f01844078
"
243,f3xeokuo7fvnzihr6txpex77jwcmbxjf7dkjbsjgnckdx6brhqyyuepwoe23xxukh7lypowlvf2qynxylprghq,"f01844076
"
244,f3ukommzqev7ec3leyr37texm2f7d7r4zantiqslowvrhe7lonensbzzcvc6oyrjyxj6b4qe6bcizvym5vxaca,"f01895941
"
245,f3ukdjxtvlv6gotzr6ot26wc3lbr246doam7z6gj6ou5bgzeskj7dwfyh6gtplpxprd3ark4va2sdlqee7js2q,"f01844077
"
246,f1oiwam2yofsyd2wto2ujoja5lxkzauij4bvgnqxy,"f01904728
"
247,f3u446tcz53rkpsht67tnjfb3cieed3ba2eigsqwd72iem53hudoirdycv6qodplhaazxkrzoi65slfoodacyq,"f01392890
"
248,f3rutut57upcbuzyq6si2xajhvr7d4u7exd7knqop4t6w3bpl57uqpdnfs72t2tyaz7vivwdvyc3bzvq2i37ma,"f01058
"
249,f3w436qzcbnzpngwwkslethcbsnt7rjdslf25mk7ufoo27gmf4uxt3pa3yn5zilzaqwqduew7pqmu5v2nypuiq,"f01615359
"
250,f3qzwcrpa5frvusrnryerijzo4qhopysssflcldcscvs27ozxxmvyetxeo7dal4ofhghsczcnpoymq2or7qy7a,"f01819267
"
251,f3uyyppj4j47h54szfj3azl4mdoucajsdhdvlkpiwkqbqfrpwvul76kn2uft6azyx5wdmrsx5gpudj3554vduq,"f01345502
"
252,f3sedsavus2yni7i4xzkorufaly6zxcpy22ubh6pvnxutar5ckzqbt3bxoaabcvfwylpkozhj22neyixkfxtda,"f0720626
"
253,f3qcsrasb3biiwqv26l5wavmu7wutohuaf66wtmqf2ryvj7zyshjokjvn5uuzxr7fdgjydffrshznvwa3movpa,"f0984759
"
254,f3taqb7adxnhpb6nkptcxth26hi2g4bfbhzydccd7saagb355fx3grtestfkvo2vvdqinjxzc6vcfalohvuluq,"f01847263
"
255,f3soaazrjuc4os4mtov5miqkqtozzeemvhugamp3och7yuhk6jjndibfdmudtwblsxzjh4cgua4g3aoatqiuxa,"f01398231
"
256,f3wxgihnhck3vbgbub3oyt7gpudc7l6hrnq7xj6ggxhytxbmsugbmaugnt7tuxrno7yy6dmxu6d5k75mieeopq,"f01210072
"
257,f3r7wzp27frp4huhcrk2k2hfumwqmcclwmhzz6ieg2imjs5au6jgyf4p5kohqox7nwfsjpwo6yvilgxepqeciq,"f01154940
"
258,f3uiapzx5ohrwne4vdbrgj7o2yntwjhkoe4hddasfpzrm3vtdxju3q5iygho4c62zqjjn6jexjjleszdracn7a,"f049771
"
259,f3tcyhcnj5reari5m3ppi5mre3mia3hp5ychrsape4akdms2knujdmdtvlkmelxvur73devvmgzxsizjs6chrq,"f032823
"
260,f3wgbp423mcokxcryl4kqpwsr7xswnh25opdmbsxs7vhr4moazeonk3ls54daa6wqekllnqadeeljtfrzyz4ua,"f01069242
"
261,f3wdef6klnvivvpyioxrcrzsxtvklralv2ynpormp3q4jj26k4dsdjf2cka5zt7z4me2ekfkbkfjiywbua6oiq,"f01889471
"
262,f3rt5vaypb34qqeruiwqcudjqlhwqjauzeojibekr2wbskvkzmzhd3hg425knyb4aya2b4xwswsyhqnelibvkq,"f01832577
"
263,f3vgshi74lirvy4eaaxnncois5fsbjg3g3t5hkmpk2qmcbfjfdf45hufi2p7krb4rqrccgykucuhacumewks3a,"f01895768
"
264,f3ryrpe55dso5kt5e23qqiviq3uuonuezfijnjy72ytetk7wanbxhhlw5ss33gqubn6vkrl5j6eujmutlobcsq,"f01895711
"
265,f1i3ku7unkzczazbxpxzgns4jlrylsl7jptagph5a,"f01880221
"
266,f3rqpszb3c6k3t7zanml75pwzgzayfxsjciessg2l44f7nxvceqhiexixqj3ehs2luubyazfohwggxshulodsq,"f01390324
"
267,f3rzebw3rkx5ba4iylhspmla74i2nfqg6upuezkbeyx4txkksnq7uowa3dtcm2ejyyr6vwxiivnnl6zc2kovcq,"f01900691
"
268,f3w5hz7baqojjnxgc63u4ju6yeomftlcad5pwf7dczrfocvrcfd67n6zhlyaips5febtu6kj6rs2pow4wm5mra,"f01913880
"
269,f3q72gkrtgfw2x3x3bh7sk35cinaaznz5t2q2mpq3f47grex63c4b3gpmg7mue6ebksjaepc2yuatc6xknwjma,"f01917255
"
270,f3qt2lbmz5534isd4zei66omhuzgt2t6bpy6oka7hhbthbwwbiahtw62spizr3igypc4e34juayjvgyglu3vaa,"f01801557
"
271,f3vtewb7zfdt5htihv66yxw2lxex3s62x2rwkowkjr3kxcubkmfwfdvux5scs5pzidcawciqltcjol343rhuza,"f01682500
"
272,f3r4ns2ik5sx5jesfu2jiidbcumbciy4z5j4xpp3u4gtyjargid6iqcsdemyps2jb2gwdxy2zx5qdymzcrk5sa,"f01131453
"
273,f3rdhxucdkhgyqiymqv6yboliy55zujrtbnfj6cspcskcreexjwiag7nenaixc23p3lmzt56gbuexe5flt5zya,"f01322248
"
274,f3uk6dzi6ty7cith7bnwvokz7vr2lwzpqjr7btqrs2kftkezfqe3h4mseeipgcrtcpjf4krsiwb6xnhztu77nq,"f01767865
"
275,f3xfovfnelcv6peakdnet6kwwgu7sutaiglgzed273jbdh4u6v2kroafhifoje257pdcbmbgv7p66v7vbt4j6a,"f01915027
"
276,f3rl2dblwtbtam3vjrm7vxipdaqoud2grvpyzbvy5ivshxyuznivt5dy4nty7ea53kudtvhpyzofkk56fch2qa,"f01917193
"
277,f3wpvcts2kbgtzobfigmln6jbh5m5aefbhoemj4mslerp6snfgm4ch7yj63wvzot55v32l4ttcu2wzn2cj57ea,"f01917207
"
278,f3vmlgin4hkpjn3yfiu7x3n7lnuxjiibwvunrtiitctsymof4fd5opvfx7pcy7irg7l4zw7evrwi45yqn4bjua,"f01917215
"
279,f3ueklc3z76wuuzcwytrwox2fj6xhylfp3pqvcr7mvr4grxvqhdwmn5vpn3bjxxkqx7s3txc4ctclibvrbjd7a,"f01917220
"
280,f3sfvbznvqe7igktsl7u3pqqxhhgxirlakqjumfs3dgxwjkmvsplffrvh6vfefbmlfdgd4gb5t4v5ga5fyekya,"f01684961
"
281,f3qnsy3naxfk6q2uxcvinoycqqeqfnzwrmsxj4gk6jdndj77gl47g5iit74pcswancbdcz5mfm3csxz5btzdsq,"f01632341
"
282,f3rmsjdsrythgfsydolcprprh436m2lhqyydjghhbwhiocdebtmaof4bwxabr2ce24xxuobyk66ok3vchwxuna,"f01125448
"
283,f3vprrn73ydstp3tugtxbm3kg27t52h3oh3c5u6l7ipbjqg6cmzzrce5wxgvz6qmg5ywf7ngbamuzk6n3kr5ga,"f0681746
"
284,f3te2dj4piaafe4clalxckob4s5hu7rxi5nop3idehwoykd3ummjtx2vqdyl66znywnu5i3l3ftydf2qcj2grq,"f0393402
"
285,f3rmvazxv22btbdi6pzrzpueqnqyzhihu5c2w3ya4oib32uhtpl32kjp7jqph3sgeanfxmf55aoy5efjxj7t2a,"f0449250
"
286,f3xb3gfx3wizmg3pm2lq3vbjcm2zmkcieq3guu7wshooccoetni356gsm5hhoa5kn6qh6zabsxe5uff7bkdn4a,"f01132905
"
287,f3xgciyexsayoe47z6pagrtuhzso2cywyr4ckjmbqxkgd6rxsezp33t7tjxqo67kivyn2fv2yl4ih3kxmv53ha,"f0397717
"
288,f3wyxcus37aubz3sifhkfilnqbsleegzyvu7xdin6ayd3dh3gzbtn7bqnaooqmjoosvfkybsz2btbu4i3wi3xq,"f01020294
"
289,f3v3fyinxiunynmomwike4fcoxse7omlx3cxk7mxpi7wvo5xligfr2fgoyavfagylopoj37rnxrjzqqcajbubq,"f0883183
"
290,f3smuduatszddyueoitvpbvirrcnunxetwrqjoz6ee44zjknhneoi3w6yul6tqv45vslnzpbyjn64jygpshvna,"f0129616
"
291,f3szrxpvg3ubsikiyktlsqf2ad2b77hftpocqawlbmld7lubwc5xmzzkjll4jruni764mcafh24j5vz3db5f4a,"f082616
"
292,f3v35svbtcq5bgp4lzdtl6z5mds4ggqolz2ifmudlcnkrotbslx4c64tq5ghhqn6jqkkc7rascvksqmad4omsq,"f0461564
"
293,f3spl2qa5sqru3fj4xlmw53p3b3om4sua53r3neutis5tbn35dhrckd6h7zxqvx35r3nayadmumbc4jypz7xda,"f0457141
"
294,f3vik4w5lmuh3ji3bzgsbf5ja6a2lascj52qjqodaonxm63xiwv62qwm7npjhi3nqn4zar44hof5inkldxm3da,"f0513398
"
295,f3wg3xmd4iighv5rw27w2me7dqgoljphkmy5bnzkgj62vkiasek2mt32qovpl3hy4nhtzpnisduywtjicqrrca,"f0837547
"
296,f3rafbxjjkint4n5kwtrvzcjyvernrtf7fjb6ay66wbmxvhpjflmwrpnm3b2gje7ogrrsjsf7z3k7biqkli2aa,"f0230564
"
297,f1n7jfmtls4l3gqy23d3nhjgvxjca6kxkt4dkb5wq,"f01096236
"
298,f3wbw3uoooplukjhn5y5a4hsa42qna6ko6fo3nnfjdfos732zeoczcdbz4wi5ixfu7rmyhhgmdmd7ydwxspaqa,"f01896446
"
299,f3sqnmdy4i4nb4xgblergtls45hyuegnllltvlftphqj4wsgjdpatmxdmczmjgvyo2toswr3lkz33hiztcmr3q,"f01641593
"
300,f14sqo6zmuevnxo2xw3iznlik5jxmkazaqt2s3j2y,"f0112197
"
301,f3uqshbzcorkuwjacgqxdlzz5wcbztj3aujy6n3olak5wj2tv6daffztebqelulc7e56sbkcaazqnuvrzivpzq,"f01606531
"
302,f3sxjuao74whiwmcnd7ad7hltkrbquzu7tp3rjqwlqa5mpngyvdsvo4x4g5hx5zl6xnvvoitewpwboagkacdmq,"f01602387
"
303,f3vgdka3dcodiwlgq4ytfhj6cj7fu7zhye76jduxxovhxxocpxkl3dmctnishp6irapsiaf7n4qf4lmawpnmta,"f01606809
"
304,f1livyzkvxnyjiwnohoknroahl2xijofeijh2ccea,"f0130794
"
305,f3szy3cytepypqggppiak2y6ameaghfx35gkhzhmqfervvektl7edyiksdyv2cpbndpsqdlic56cmh2w2t73tq,"f01833569
"
306,f3uzrttjwcumnzaqeoc47qxhy3m6w2w7qmaddfgefegqafp6ejjyr7nm7kkal633r6va5o7ltouzaq72bfxjca,"f01703630
"
307,f3xfgwv24njtay72mhzx4xk52nb5rnaw3fd4yqdivcsf3ehbhgpkcttiziyesw4dnfppw6y5zogik45qps2fyq,"f01301606
"
308,f3qpo4zkp4gchidhhlf3mgejueflk6ig627c5kycov37tvh3rzkxfyse5jzc4y2uvxmgszsoqrnt4qxursym5q,"f01660755
"
309,f3qzwdwtyixf3p5cp5gfij6b36dthf5dx2lmpyptwr3sjmu2u6rgareop4csq4qt6txo7p5xskgoolz2ckbneq,"f01558648
"
310,f3sz6jfut7fwtb5bmjvdax3wpcsovoh7bcje3hjwasejlz6mjfttwzhv4e3angxbib63gdl35bf2sxkprxv3qq,"f01848675
"
311,f3s7amfkbqgijtqhewmy4pw27ocusdtdgy5pwetamh5fkl3rpgriynsgddf5g2cekm3b74g267elpl3m4cvyla,"f01829178
"
312,f3vfnrq256wxd7sg7jq3mtg6vywdv7rjhcuaszy6ijc4wt5mmf6eazb4aqb223js7p6bzdhgfquawfj5ygqt2q,"f01886670
"
313,f3wbpv6plps36gwfw6a3snaa6mtenogcfp7xp2qtbuknch6u7bmonutawmy27tii5tnfbysgbfotiscaouh52a,"f01886666
"
314,f3qfi4dr7cfzwl2za4crsqwrfz53zomn6i2opwbjvxwiuhez5hyzpn433m4guh7trklgawdshnz37eixufwwja,"f01848676
"
315,f3qtefy6hvsbt4oo4hecwitostfeyawvf4p2jl4ybcpp7uvayzl6mob3stuliscjpensod4rybgpjlhnt6mxka,"f0688908
"
316,f3srdqseaxgp6ezhcbtth3w7533gbretrzeks4x2wyifb7zwmcs3tgkitvf4ttlxotnaiq373jadnewh7jhl6a,"f01020304
"
317,f3r7ipqedqde22zvovrk7td4obnt45aarkqoqo22hrdr4nuv44nwcrartbmucsb5o65og2hp7un3xio5h3xaja,"f0428163
"
318,f3w3o4xnov4fhuzub7lwlb634ljqh5z6dobibtqnhismvgzeuinkkpt4wt2jj6ne7tzbkujs4qlnshsbmem6ua,"f0479416
"
319,f3sxbvb6m2nvum3llaihhpsikduonqm3hqwm5irpy4wbmhiodiz2hqmk33bfgohrer67rkib3gjaboe6mbsfpa,"f0700679
"
320,f3r6u6dtf6jm7ceyxxiusrfvy7lvfjnol2drqzhoeq25kow76ajrhxhsmpxxjm2nbefmwddco2om3jzu6gsf6q,"f0852146
"
321,f3vv52vqo4xcmflgbilrq2qdo63ihsovlazgtz3xthm4iorbwyjola5s5mejwvwp7d36k65vg7xtbuzsdq37wa,"f0842859
"
322,f3spgnafx6xi27gjp4gfustuowkzu5ttepizmaoqnzow3nl5nskuavvubyuuxue4bqkf34z6deqnclykxd3j5q,"f01026190
"
323,f3wykhw7bvpdftowqtl6cuqdrxbqyzb54ay3xsykvz7z46koc4uyb3kn2kjtv7nsnfnuappe27whvxt4mxrzgq,"f0851775
"
324,f3umxy6bc5gfjroxd24n655qv5yd4mn7qb4iv3ftrheg7s5lycrbs5cdignqbhv45hvfh4qemvl4jdmefvfi7a,"f01095535
"
325,f1xwrzkyrtatb6oqt3ijpmnfw2kqvexaq6pi2ddcq,"f01775212
"
326,f3wtcflbtzesqxjyqdrtdu4xbupnft4e2ahdro5wbqutsjg33ackb3hhvrowtk6zou4ikjs2vvxk44orgcd24a,"f01202401
"
327,f3wmqc2iiioj2m5bl6gyamxwmsaz6exmqxksubvkdc32id47wu5tvneqqexbxet3l5oj36a2huifwwaphjcxvq,"f01202405
"
328,f3xfnhnqgjscbbdtgc27aebmvi4txhleccjdxasxtdrcweah7j55eltguewatjd5kpqqmsxbb3o25sgqvhk7vq,"f01202437
"
329,f3uhtrxrdkkwhcmmaoub2othpralfyw4k5ocoopsjyknvxh7dxepl6ckkabhg4re5a7xtragl2ismxyrc5ppta,"f01020286
"
330,f1iaikjt63feqtxw3mtampz6avznfi2bmsnk7nhoa,"f01839617
"
331,f3rwklslfirklaxla6svxm5xudasx65oixo5py55bf2kfgy6j3mo7znrpwz2hwvzmnurv4cbzavgoqtv5xw6aa,"f01367793
"
332,f3wmck3sx4s3vla6kr7ygignmx7fcxjlnn7elxaaw7gw56qq5xj3gkupz6hvqbtw6ou4ex2bvres22ukv5pqua,"f01032501
"
333,f3wimn2yugowdp6zhyvpqfqmc3btakzvoo5hciw7s4ium3rmfpioas6f532ld2ohlew3mbcj6fmpwkvwxnzk6a,"f01110575
"
334,f3slnyjivyusbct52x3cyws5btn5do4bqdrm2cqj24s25afuvoqkvgxvg7rdgmk4i5xiobcms32m44qrekjdkq,"f01167083
"
335,f3sfrjsgz7om74t4dmbptjld76tcmcipwdbth3vbdihpchbmbn77tsxwbmk6lyk445s2xs64rtxc3yx6uryqhq,"f01283771
"
336,f3wcuy47dekx4wq7b76uelkvwvhfnrhsniabyosqh5xf3hgej62ejfjz7sxbjauvghrjmiqhez7c6pd37b25pa,"f0761562
"
337,f3u4ap6xzyxxpya54yqyomisfs6tvit4jo3cmkpsqvmn3w55kca4nrkecnvwckbd44lc7pcuxoteejzd2wvwbq,"f01348222
"
338,f3ri3fvehr76y64etcwp6gjm3qkzwpaijuu3s7vrnttyjb7efyqr64mtju2fqxdfvylxiebnot2zwfyuukvxsq,"f0834222
"
339,f3qq4i62h6p53cfa7vgotwbhktt2eeizfm6bqirsdgnsv725pfk6anyndthhbbujqtkxmvaddykkcv2dvb3qnq,"f0164194
"
340,f3s72v2qugz7d4yhxbakn35osbb7l5p6wzb5bn6juunqkjogc5ytj2zdcnkumdis7eredk5q4sex5ghq26nlaa,"f0685020
"
341,f3wkcw4etroh553hcwo7sh367tksojqcg74b5f2zusy5osccozthxz7mr6ib5nexylacfcksmhlqf2bc4l7afq,"f01202429
"
342,f3rzkoqpw475jh4cqd3pjtsvesk7syr3lyhm5x3kr752vpaelgdz7fvyp3gsulz2jesfip7lokoru7hdwemyda,"f01367842
"
343,f3sa4uagybcubohs3erh7ij7jos7fs34tt23cd3mwvq2hg4n4tjyjqzg5b3rnullevqef2ko3sbzo5mdc7kz5a,"f01367833
"
344,f3wdsgi67jdjudpe6tkgvj3miydkhromeo4licplxajas3hyap7bqousfyqftkbmhqvzelluaqqj56d6ow5u7a,"f0159607
"
345,f3si5wf6lts5t73ufsniw3rx2uru5f6xud7ned5sycqfgp6m4744kw3jrtsvdbmbx2dynkic7uafuwgqmyyica,"f0605133
"
346,f3xfre3snv7vqlzckvtpkmhqjtmzqwwmoxrnmzgyn44yed7nfueiuxlblvowxfgcaknirfafpl3fx2js2e3ltq,"f0497249
"
347,f3v5c6rwx25znf6obvkw4ex57ehi5tbauz5gjb5lubidb7alxqfzicwgfviqzougnu2ud5h4en232jth74wwtq,"f01672272
"
348,f3wfbvngjp2ma73j3uc2dl7gxqbltgxbwdocsac23l2dkryfptagu637ofqo7hglzpu7e5rmm24j4f64mupubq,"f01202451
"
349,f3qzkns4pcreue7ekqt77zljvrvggxwwp6v7hlkz3id4dogphi6vgud3xejmiamnsuq3neyxoj45vud3qfntga,"f0427923
"
350,f3vegqcmbegcz3gp3yc76d77zuc7wpdj2nqjk2ic2mkymbwec3jhizcedz7ison4wiaxm6erugg5vyfsqqkulq,"f0821079
"
351,f3u42gewnivb442jnnzgo6kjsnssxwg6gogzu24qgg2x6qpa5g2uwusams3kux3lma4jugxohjnlecbw6qfeca,"f0106234
"
352,f1f2jwo54aeupe4ow6boqf5zivx6a2mhzp6rg3eya,"f01913265
"
353,f3xhdydbf2gx53vzdies35cl72bsgjbhhjiw6zmxdvfyyfpui2jrpahu3piecgy3hdsvgp5yez3bwogry35vaa,"f0602732
"
354,f3v4hyef46kwbe5oxrdvufl6jyq7jo2sk6cvdscfywvg5w6ssmqyf2aajynmgtfalpzknr2boa57d6snwteliq,"f01167099
"
355,f3q5az3d5xeqz4dccudnytaq4akduyaikrurlav5bszpduebylaupxqur5nutd7sayjflhimqm2spwhdceuwua,"f0118305
"
356,f3uuyr33ybyrp7g4yeyuzczrqan3ctrp6xe2oixdqpxgaqimf57c3hpbiz275vaotjs3uxxopgryp4v2sbqroa,"f01115184
"
357,f1wnyx766gkdaxgypeie5dej2giwoyl26ymwv7bri,"f01912709
"
358,f3w6ltcjgg576kzxkztreg5vlvnwud2sx6t5yikskzrj32zvrjguyx5bxnrgke52ltmwhbubnjer6efcf6m64a,"f01020274
"
359,f3szqfzr6tkhmplvguy24vnwitlhtthexaeqyjuaje7gytkokiuygszgn2zzaxvj5piyabni5u4hsxw75c3wvq,"f0431808
"
360,f3wwkvu5jqdc32qdvqkynamkmz275m3tlvm54y6sevs3mo6fryv6oympdo6wo7wso5nufa7wbcc2gx6t5pwv7a,"f097345
"
361,f3vknn7qkpzvn45qhbvdn27sdu76eanq6wajczfxgdscmrf5hftlr3s24npk3qzsi4p7admmsqhatwiklawwyq,"f01747167
"
362,f3vpnp3qpdnki3d6s63e7fdebgae2ktyc4gjbmohr4zrsqz35qc3uidukaxq2mtl4xe3hhv6n3gryzziegfska,"f033473
"
363,f3ukladxxnqrojljy4jkutyyrza544io56yrnqxhegth4fxtzm33jitfnwaehawxnflwgnuuutpb2yh73q4f4a,"f01735050
"
364,f3vgd2wcdqsi55ngc3gen7a4vfdnygei36k6teabgd27o2rqvrn6jucanqqbm5c6ktq4kepvtm6oqmtxhufhca,"f021707
"
365,f3sfzlhfz6itar6tq54wrnywf2fx7vh6big6swq6u4nc7f2hyh3o32wfbeastnaoftxxbnhswq3gac56xhck7a,"f01853431
"
366,f3v5yxpty7wdzawwysmhrzb6sboviwol5y5uvaplqzindjbd7v7cjh7buuywrb5vmwa5kqwo6abk7rshqogypa,"f0701191
"
367,f3u7juv3ht4z4sbc3wayos25fuwo2mmew4nbkdqm4suya7fazhfwh27nmuyzc5oel37ixo5aseordrfdoo644q,"f01890812
"
368,f3tetlgibr6rtj3bmpgjzdlsujhxy56xxb4b5r4fvwl7h3acq4cvkmtry6okhdk7plmymxgyftr2odl7mo6zma,"f0512054
"
369,f3q3udkty3p2azzoyh4bfqwjvi2k2v5el2s2glnd3tvpkhb7rmkb36mjmyprsmsdo2cc5y2pd3sztz353rkxqq,"f01891058
"
370,f3w7nmgvj6j6mpg6ladhyn24z3slgvizedt6nobeu3nnidonrsu2jei22jdnuuzag2j7f4imnbn5nxrz5ha3ea,"f01891081
"
371,f12oubjhty32ncsuovw4cvdmumsz4nlulfp6uu7oa,"f01754083
"
372,f3vhd4ed4ug2r2e4lhsyi4tybrdikrl5vhfvwlu7wq5lspo2q4ldfueelxasmhgbrmckqqyhca34n3o5zmv5rq,"f01850562
"
373,f3qhiz3nuiw5r4ppxxldya6foi5axmt2tjl34pz3dlgdw52jmomull5rpzla46k7tpsyx6i5luwenzq3v6hxnq,"f01850566
"
374,f3qwl2jesxyr52jvpsxspxxfabvxnyalmxcsdks7ulul7t7qu3j3wr2du3q6ktfpvwna3w5kredpwn76q5426a,"f0821872
"
375,f3qrre5lkrwtstguhjytqmiphhtnhnioxuujnilrvrli2hzi4guk2crcsejdmdutdk3mhgamyc2u62vrcm742q,"f0134506
"
376,f3rlb2kua5hewku7cwwumm6dafltmgtfuxmsqy52dx4r6bqn24a2j2anlhs32m7acrrpge7hneligw2gwuqhjq,"f01115188
"
377,f3qyppbqcd45lsaenvx36gbolevr5wi2jrwqmrrs7p5w3txg6j34v2t4qi6rm6nrwl3jv3suuu4gptu3x2xjpq,"f01167111
"
378,f1g2q64yzfqo5ib3lorzdb5fxyace4bew5yqjzpzy,"f01833201
"
379,f3qogspepnxaesucy2ucckectqmnhynhq44fh5ff33sh7z3iohxoy7gigq6gl6hwzhbwqypkfw43hlbx4qcrtq,"f01167087
"
380,f3vtgdfoila3cuwlwts2n356jrvffyuuixtm62imjscqtjqxq37rxhxclc4snv5cxfzx3sgmomh733a6nulyca,"f01115207
"
381,f3qqqxfxdyq5fp5uazqhhoyjdpxxkoidqfsnfzzhupsed4e47mjyx6d3wmoznbb6bikobn4z534lbojr4kezka,"f01167107
"
382,f3rh2oauobz6t2fvxjceeij4hxjgrio4yjcf3a7q3grm6sw57peu4xnkiukbnj7r3rofywfmeesyqxmtmrygla,"f01115203
"
383,f1dkq35wg46xbfdeivql7oxor7qg4l2riyktc2psy,"f01724180
"
384,f3rcrk5juitqw3v73pkwqkgv2cqhdwreery7ynpsozdtuvmexoew2447asod4nigildlpza5ktrxvhlhaem6dq,"f01442980
"
385,f3ujy7rmujlvpzq72z4erf4uke5qcemqvp7turnwgzkcpqps2o6nvlsoyssbxzj7v2kj4xisi3q5kguarmrjjq,"f01167095
"
386,f3r7emt3jwjk2gcr6cephvfgacwdfnd6ct6uvhlhzdbn4wuv7ajne4d2edv6ximt7obmfejo3z475i36lreayq,"f01237176
"
387,f3su7jadazvc6h5mux7b32mtdtbbe7o3oe5sksbsfbxgobcybiq4dotde4g4yq32gz6g6c27r2jdc2q7vobgfa,"f01167091
"
388,f1lzywwr42zolco5dz47mtkai736o3qygjqarej4i,"f01739387
"
389,f3wbv6awzunc3jz4b5xgsmhfmpyblkfv3w5k3mtgyogom475sd6vzchr4ka26cztrytjvsa3rfwz2vvzk5yz7a,"f01115181
"
390,f3rzzn52iyazmrcxns3zh5szwsw4ahfrydb7ytg276huniagdtpcbgtvm7aoknsmsu626efm3fceox652ohcla,"f0133454
"
391,f3xb4gwo5tdpurvot7afg64kvijn2f22r2ejus2p544g3y3mng2yqz3y56cb7jnahtaa6kb6h43f3l5xk5aoxq,"f0226399
"
392,f3rotbzxy3lu5qnwsoylyxnbelce3p47et4awvls3rewtha375ofjhto3vn774p63j3da65naj5azj7v567vhq,"f0522341
"
393,f3tg23cf4keemndp37dwuohwhp3bcnjjgzfapkk74l47qot6te5j2uwxcb4ey7ch43wjkmlexz3agd5pdmrqeq,"f01095649
"
394,f3rhgi6qhtmomez5z4svr7v6adl4h65qezzewzhf7man52eryga6ympny2etpyijyywxp7qaejktp4wumqyrgq,"f0821094
"
395,f3w5mfa2ft7vac5lmbmd4dznaqazbev3r6twhgsiagxlp6jgo4gghnqkxw53wuxb57x5tjcl2sdfoexcwmm7jq,"f01115199
"
396,f3qgpidj6eyib4gabrouzx765evux4loepigang3qcuqv3dmyedcmvip2x6g3mge3zn6gdiwkhoupitaffihmq,"f01813576
"
397,f3qeeguqcw3erkmqecpmsz3uvt7x7fvkiiojqh67tuaitegvd35cmsjunw4xk2kceddtsltsvz6rt27xlw6tpq,"f01367820
"
398,f3shjldarji5i5wnwurkti6fzeljmk6yrfc5p4t5u5rjgb4fhln7mqcvspunyoqlgn3z7a6v3ibnqrcxp6fvmq,"f0224687
"
399,f3rcohhbzpjsmzdbzq5jl5zzglxqmjv6ggvyzoivotglu4hmgfnbai7jn56dv4mdamigo4xycfua6blua6urqq,"f01786899
"
400,f1ym22if6eg4fc6van6bp54ssseyg5vm4bpoccb4y,"f01864050
"
401,f3s5z2ryh3aunpmvd3am46kjkthih5cyetbwf5zlqmmvno65ymd2vqi6m2cczi4t4k7ch66s633h6zv57sqzaa,"f01723673
"
402,f3qagm3ih4a3rgxxjxdyrtyk2qc72sv24klynohupdaejtv7wdyjk6jc75epnnv3qh3d6zzcmfhndtotwphr4a,"f01515680
"
403,f3v2uvxq3aotivqvruxwpmxrtjrt2jcxseiyfkvwqyctj5hvtlsdxbutq4ol7xr6xrrbvy6empect2wnyu4p3q,"f01694606
"
404,f3w5m4funfxmr6igos3dwbatsneg34bhxzgx5inqnhojlx5j2i4u42kfdrdbufklgngk3kokupictckhkdkt2a,"f01462579
"
405,f3ss2626xwbftlxcnhhq5pqdqqpz5udmex7hgn67qic7sqmo5l24ggmzhzzdfxkgplkjjf2nwh3g7lf5x55zia,"f01238420
"
406,f3se3ao66pqy6dvpzsifzeaqrksw23wcmkdusqdtsrf7kzxaq2hnz5g4yg2kvkb434e6yxifdp7pnzlbfgl2rq,"f01731277
"
407,f3ulwjmaumwrkk5pom6kgwtbtmdvlrb4aiaqo2qk2rzzodttkm2obzerxyh6764l6insts26ysmamy4p6vev6a,"f01776705
"
408,f3vvfpxjai7p3ds43qzeu7u6ihm63ry2sqatjyfoanskqy5p3ioaz3ulpl5gbf4jp27ppehl4jatrz5lcgjf7a,"f01263946
"
409,f3uorvoosl5lerdutjlklly7yu2dsyicso7rfd4wdabfvdo5vvwmwe4rhnbmkedfk6mtof5wgfwih7oz2klbiq,"f01694042
"
410,f3vdqcsmesyrtoxgij3xsboxd5q2zfo43dpxwqqekt2daitdhncbsbadsl26wnnkarvoed2j6atauevj3qdeda,"f0115517
"
411,f1b5hukxc3wwxhyvwmiuaqguex5sie32yuem4uxrq,"f01125651
"
412,f3uocaiereet4ebwz5malgmmpc3cfa7uaycrmmholljiyguoczf43sxtbulcaf7ff2qbv7ctinzxivrrmj35vq,"f0772976
"
413,f3ws3rtnbbdh33xldsov7kiyvb6bim2y6zhim5nlictdqbyzjua7jjqiafx4vplhcc5kvxhzwwi5ceftzxa7nq,"f01896415
"
414,f1i7l42sbxdbiisql3pzvaz6zuncs6dd66r33jgoq,"f01185789
"
415,f13p7367ywkbura2vl3eh2xd5vpdkl6cju6h3xvni,"f0104573
"
416,f3wzlwxaims2anhfpuzuhteg4hxktle3ncns3amc7yzvs72xysyvkjfptebbllz2i2vs26hwlg7j5arppg74zq,"f0399287
"
417,f3sjobbp77h7mmecanwgqslwz5lgpwk4es6efgdyccpc5vyfbdtf7jhu4hrisrjtekwv7fnfgaaxuiic4cqeya,"f01656310
"
418,f3ue73utut5t3we2gdbzzaazv3wccfantwyruw6mribep3c7rcqor4q4zp3uaajz5pktn76vi2xfl3fdkyh4ja,"f067155
"
419,f3u5akjr5bcr43zkv3bl7czko3o5orga3ruqj4wjahln5dpegfeab77ef6popo3km3p2crokhkzfwk2l3oft4q,"f01056
"
420,f3vescrb6akn7qhp34axbgwstmhdpiwy6jyivqczustnbg5srq2ihquflscs6vqomasg42zpv5l5mh3u5cctzq,"f01850572
"
421,f3ue4fi7d2vcmgoq3sgp22m2kdetmphahivenmi6enplqli4c3j56lzmvyes5iaoitrfzuccnfqonvm7pe666a,"f01202447
"
422,f3xen2guzrndel5xiuv3niskn4r5v5jfebabdbavzqvfwjhrsobjm3zk6mdtxf5etsnasniwgzaig76n7ibtkq,"f01115211
"
423,f3sqph6375eo74rcqbwzwkkwht7tvh6yoho3da32dkmmmptfeglbfnify2muqy4ferlvgvmhxutqlrzjxr73cq,"f0840192
"
424,f3ugowxi5r7gge2cyepj4bezl4gyptkq5zjsge2bxcxa6o62tx7ukl4bnz4sedv6dpnbehim6ehjqa3vmd56fa,"f01113388
"
425,f3svt4p7clfrkop3pf2bm2ha4toy7jm6xf24w2oz3aelfs447qjfumpklrmlck3m6ucnamx6degxtbriat7hsq,"f01115192
"
426,f3rohimv6j7vsll6kihdujhuhtfefg63uh6med3w3i4svbzw2fc7kzaypkpw63hcosowai75qe6oezhmqqhjwa,"f01123964
"
427,f3vhjhu5z5okxd56fkapibw2p3nh2ax6teexusronwjkj7z5h5urpg4pbswujdwz4wbpwye55ktlke52dqexca,"f01113879
"
428,f3q7ldyhbp3msqig2y2o6cnxi7ubonkjo6rykmzsx6xx7dn34vv2mee5qyx2kejlvcxzpyfr44gxk3tje3p3ha,"f0503587
"
429,f3sdtm2gxpgdulcbumxqfzbjtwlntbzp2lrnsdlk3b3jk7mvmwmfqj3kiee2cv5pc53fdp2i3e22fsuwqgssuq,"f0867407
"
430,f1bntncwt5a6r2xjeszcravxnzx74s77dticoy6ny,"f01913771
"
431,f3rtrxwrnrb2jqvvrgaruzmme53oamflgw5gzvkazxbytyjphdsglssre74qwjz7gdkwmhybu7mxce5yfczxvq,"f01787112
"
432,f3snfadctgwhhrkraazc3ewfrqv2rrzyiaarlwl4bdfn27eqtjvyxtzfg6m3bmrkd3fvqn52zqkcshw76it65a,"f01140703
"
433,f3vbj73ri5wf72uyhnsey7dwwdbjtiv36mjpzzgbsof26xi2fagvn3itiewgaduivfwyv4oqfhhe6xehgrzzia,"f01850576
"
434,f3r4oy3pmoyghegu645u3eylnixxpxfmqirzaczn3zbwpobmzrdo7iffyi662g72garkq3uhaujak7zpdrfjba,"f0429709
"
435,f3rsi3wphlqfwoirkr2yu6dofmc5ox4idlvnjwke6hnj57olda5g6uyzffgfw2h7z76jsstlc2tancf2bwykba,"f0519393
"
436,f1sfxlvmqoymbbyd34oe4jgronzvyt6jssnktv3ny,"f01342739
"
437,f3w5o2imk7ug3fvx4snbxlt6avpor7h54voasxb7f7fk34doqbq2pl7r4wzysjj5biosvo5kafnlf7bz5poolq,"f01143766
"
438,f3szg3xfci65zhof7yu5bifez5k73lb6d6jeca3gobfofafho3xjsaqvgxu2343fqhynalxh3gm6rnnyupm6dq,"f0130849
"
439,f3rphghufd57mq5f3anopwjg4d6inq6zzu3syjaulp2534jtcxoxw67ahxe2oty3zmskxjaw24g6l65inqjmra,"f0159678
"
440,f3rbrtmtezz3bjdn75lam2nhhkisaumyizbdw3qzwkaojcezurq777ue3cfdjgbeek6o74odvdx6hvijwhu63a,"f01127308
"
441,f1gpny6asrqcibortqwrvufu6l5zx4z5va3zwyr3y,"f090476
"
442,f3wdwnnna6xsikg4hfxgoab4fdtnapiifutklfe5j57tutqhde5g4wb4rlvogey7aahyfrgsfd737wv3zp65cq,"f01785969
"
443,f3rfqx5ymwhchcw476z5hbizr2ya5kzi6zxs2uuc5kksybsgjrjmzl3q2h3orlsf4wmjz7v3tzzqlv7qp3nzga,"f070774
"
444,f3wopsoud5tptksjp57uqed2xqc4ebk2fqhxuzze6rr3umidezh5cvo6bqxaavij5tp2ryprqoastqfgjujykq,"f0124832
"
445,f3snin22tqnbmesfebkhapxygxhad7b3i2f46jilp2ji32dqfg5aonaiufb2essylguyvryeathxhojwfkhjxa,"f0129475
"
446,f3wql7yzpigilzdoshepc6fy4fi2dwtlivsnsntwkxdjhekhl23kiqmnctfnh3iarj5y7wcqkekagc476sglsa,"f01249789
"
447,f3tf2735sh7rybogr5cnybk7l5r74xz4cd2o2ewh7xijari6mgx4wgspxs5ef6fjdakzsevt5b7u7ivrowwbdq,"f068452
"
448,f3vuejyjral662cqnqxrdskfwfoz22am4uakb3qz4zjxzi5es4plrh7s7zseggwytlt53szqu3mxdjuuhc7eoq,"f0815424
"
449,f3uznknzmdcwvhxgdpbxclvomnplejslokjiwyu3gduvttjxiikac5xddyx6e7vu6ss6pgdljmruc6hivqsn4q,"f01167079
"
450,f1j6jg3fii5wkjchvt6rjfrzab3igmgef7ligs67a,"f01902473
"
451,f3ql3gwjgg7crsptev653jsa4lindcu4s2sh53q7qfhcajnfx36m4pg2b54kcuknxsgmu22yxyvb4p4pdxcxia,"f01113387
"
452,f3wzqo5mpxgayebn5jmxbnkuyzstsbd4533uws46yy7bkhk3hwaz7rfxyozdwjv4mq4olqpetwc7fqxcmphefa,"f0830137
"
453,f3rmpljmknue6wdjoru2lu2zuyvznm43evt5vbvjos4zhbsdafkg4acwoi4kwqlh3vzb7s54pkptvohiakxf6q,"f01276060
"
454,f3rpcrcl5fp4gcnjdwv4japty4llzfjiwi7gj6hlzfeefs4mxpevojew4nthxh2thwuhrefgj4sxfj5m36v7vq,"f01590019
"
455,f3qmerbum4jpwugs44jp7rziyba5n56jygj54wjixoladzsbmbthybztigiddu5s573oldczmeoymyavp4wrnq,"f01602963
"
456,f3ru6nlf2doqrkpaahph4whskpsjxqsariz5ghq5ugjup2hetl6rvdp4keyw4hf6oe3o2qt5lp5wlbro6txnza,"f0821103
"
457,f3swh7rlw3ull244vqhj2knyu7ax4sgs4sdswl2yfcyf4zbsun3mwh5w7vfix2tkafcsaiqb3opl4fwm7m73mq,"f01787033
"
458,f3r5l4zpma65o2nlu2fqjy5rj3vempkkfaow5bowedb7jny7zw2tv4ddnwpe3l647rewfj6zcckbgiw24xje5a,"f01787206
"
459,f3qnzqlfarghb4kh6o3huqcul6n6jxslvztj4bzpp2nkkshy7lzqk3cum27vzoxs5yjejcktjlxpceadxbylba,"f01787167
"
460,f3xdosi4dukp5z5s7yhc74ah3fzcqkmkrg2c6dsi2q5sqpu4erprd7vdcjpobracegxjmztlt2gc35yqyhnbfa,"f01614893
"
461,f3tbwcjsb3uiizwj535prbfyoeike6ldvw6punsmdhxqm367nfisushulypxvn5oqx7x2vfryneynz47tihp6q,"f0828859
"
462,f3qjgjezcyz2zs3am7dg7lgo67jcjtw5xivwya7yug34rbr6guoawk4huo225hajdh2iy6lf4tz3t3i5jxk4ta,"f01356968
"
463,f3uyphrk7pkh34hvwgowese46yc23jf2u7kv6m26acp3qyw7jnhis56lpqtn5m3hwypx45diqku37fvbheppla,"f01202409
"
464,f3q6i3uidhsg5qruu75h7usuxnwfjkirh6up4dmuwkngbxbvnxsjdllkbwe7yqxronqjnqlmonx2lgtkz7flsa,"f0830130
"
465,f3wigoqfyxls6nw4exuwqcxamgkm4xexissebwargpu5cmgz3cubu4tb436tkbcbe6p5pguy33itdp33ypsyka,"f01850721
"
466,f3rimbtcw2bk7xmwlkjg5honv77h6252eigiptmrmp2bjtsunwt6qoxexxwyg563svagnn4ogvu5pjanzvy7vq,"f0830127
"
467,f3s4vx5ch5hdu7bbhlqyjxquvcwwdblmwg3qw4sycz6x5mfljoel6c7kw4n3inrgcgwgrsfm4agjl4cdepc7cq,"f01032527
"
468,f3qepa3ejfcsspkn2imzhgy3tuqtmbjzszu5w2cgxjt5bjvqv3ysm4cabbheyom4sysqmzmo4cg7rau665xffa,"f01032572
"
469,f3qf6gnqgvt2kxjvdc77rqetjkplvsjnyoqrzcqvostsjt27pds6fctgrxyivhrxwi7ohugfravax6gb4rts2q,"f01805639
"
470,f3veb5vtx64v3gxq2ad3otbfi4fkyp24a2wpmhcciiizvzzuchqar5dtxcgt6zxzdz4vw4iv6s2so5jtxxbniq,"f0830135
"
471,f3seiyfu3fm4vxdbanih7aa66nznv2vy3xgid7m6fw6mkxv7txyxunxsh7bkphsv7ru63miw6ed2e7c2ifvkbq,"f090959
"
472,f3qufps2iittxwcl3ai5cta5sprfo5gjf7x5yd33nfngewg7meovcalwzsxpdtsi4idg62qjvzptengpljssla,"f0152227
"
473,f3sqnu3frmwdlsiihhrwcmh3veypvik25eescckzpqgjr4b6wy5key5phsh6vkmmddvqpah55dryt4344hfw2q,"f049894
"
474,f3ro4arag6qnxmyahusysqnem2mmau47dq7j4cxtadf3yfccuxnhyfepxmqhzqknvq4hhmuekhbv4l2fyzg47a,"f01726023
"
475,f3raiule6ejncimvevcyencbz5b4dwejib4fxnrqqupydu4zr53s6qw6twfiru4jw5cgmmwvzfsrgfvb6mynxa,"f01787191
"
476,f3s5nns2rg2h5iweccg2r7tbbgbxonexj6vr2uxxzmzwwdiyroylolcelyvbvqcojxhn6ttohg66adlesnzaga,"f01787116
"
477,f3qxo6ohh2lia6rmdr6x5bal23evc43beemactyg2xa7bifqjfkexvfnkklwjlyzvpm5apl3gl2jrzvpavis7a,"f01753576
"
478,f3ql4pp4zhiuffw2i7w3xlcin5faunmcirfpe5cxzzna3gx37dafti3moke33zqjlusomgkccgmptbhwdighmq,"f01787061
"
479,f3vsz367o4sgkpbtpiatcdnyuy6kwsrdb66wk5vxv74wghbsoryfstztl7ts2vov3iuia2pnmj34j4o4xhd4ga,"f01787176
"
480,f3qtus46cl54sciynubp3vn22h6u57re4sj5sce2cf45f3b67zvmgp2slawxwmy2wug7obksdv2lo2gevkiwra,"f01787185
"
481,f3uflwwd3ssp6cswb2vf5pzsifxw2m47563ynbh2i7q7zg4do4ibivcvlqg7wvks5u27ikv5sj4e57flek5nna,"f01787213
"
482,f3rlvie3djoixqtoxkhjgaodj2h63z67q4dijvtlklvrp7toy66cngby2dmrfwtl6zhnh7a7b4gd6yhdgalw2q,"f01773740
"
483,f3taq3oze44na5q2xvuxqfg2tbeccgpnphi4tzdhaycmgerbakqzjlycjf7vbg2e5sfemmuek4tn67y22nupha,"f01901853
"
484,f3rrdbktkt4sh4hdivg46d4jysscf6onrdujgeplbenynunclluu6okwdf4c253pn6uh52xypppeqxo7qc4dbq,"f01038561
"
485,f3rzqnctvjkcqcwicg6h6ybans2j7ubw63pvhdlrc3hgddcz2ybxfuzh2efykvvyzuv4vxqdlbeueuk25eq3vq,"f0686681
"
486,f3r6wlcfj77lm4z24xb4wljztoai5sztcc4tlvnxd4o44inz6moj2jdznm76vfyfo2xhrg7y2chknryxxpwt6a,"f01450126
"
487,f3upal6zy47aku6axphgzi4hdrd5zv2xf5mmghu3hg5on6l74llhjtdmtq6da3r6z42ztrnthaexsrs7roqp5a,"f01787160
"
488,f3qeami7zqtplkh674z5q52pfaimsurbhpd3hv4hezsn2edtkivber4nmgnmsfu4tzpbr7oefpn5cmmhphpbwq,"f01787071
"
489,f3u62bkwxuyhefqro5omy226bu5ofedc4lirkce7sxlgvxhes3vij4ulacpqmk64unnam2xr3laegqatyvmpjq,"f01785204
"
490,f3sjtigt53wot3n2mgejpu3kfs7b7fw35gd7hp4tmxvuptppe52i3xww36ath3v5h5mi4a3szcghj4ktordzra,"f01036019
"
491,f3r2vffocmaste5mib23qmqpjvsztkaeu64ir2dwugjtj5pgmph4lfd5veepjulu6gdcqqvvi2awoc6q4agfsq,"f01775204
"
492,f3qsqse3e32lg22fg56v5zttkv2b2vgslbw4wxdqojxv7oznqxgubamwa55632sxk3knobdjiaqyj6hfashoqq,"f01146541
"
493,f3vxtnw2nujsrddzd42srjpxjatap6shlg22oplobwvz5e2hh5fnkqclwzso3baxwd3cxmnxqomplt4ugdog6q,"f0763022
"
494,f3q4vmwg6raujlf5u2gfb3kbe6bchdkse2uvnn5yddrm2wk5zhoyn6ntdvsyjbsdajmlkpleqfumikez54khpq,"f01364997
"
495,f3xb6cwy6l52x2obewc34fba4oli2qwaihcotrrboor5abopnp24t5prwjim2a7t2xpa52v5whqfacm4qnu2ca,"f0520237
"
496,f3w7pjpis7u72psvxn6y6xrx34m4lvmc5mh3wyj6soifkfmkw5s52nnkefqgot7jdnqqbg4bgyizh4pnq75nfa,"f01285579
"
497,f3ul4aqqjesm4egomozirf7oapxy2feumgc5mre6kfe6dzu7sa5xloqirmlud3vuhonhv2gnhi5wpzaz6la5sa,"f01157874
"
498,f3vxfoj5wdchk76juu6tv7oq5xo4cxquni3sntdnvfmgy3valyw46cxn4dajiuqi45yc26435l2pgvkfcy3rtq,"f01157864
"
499,f3vvabcvg5l33rvjdmolgpxavjvcvw4kn6mqjauamubtodsrhekvv4xejpd36r3wvrq6ihn3uhs3safprrpx6a,"f01157881
"
500,f3vxvz7kyyfl3o35gak5hjcfuvebptwkot7uwddoyeljs7yizdaaibrl2bigpzcl64vn53m4nhiitgtmigf7oa,"f0100487
"
501,f3risjplumyuu7eo3f4z3hqbq6ar7bqvmvv5se2gunjk72ufnvllfpwburpp24xew644xc3cf3i4hnarlzkxwq,"f01022265
"
502,f3wyfonzanovugcmcdm5ighg4u7drwq4nwy3w3kw6fbdvynf44d7hz7e7jcvlwum4jktjvp7uapu7i43dfhwfa,"f01157894
"
503,f3rkvwhqdb37qsdha4f7bwz3el4oej7xapdablcugs54avvep7pslhzi2no3dtdde3h5oxzls4kipgvpi254rq,"f01269158
"
504,f3veenre2ekwx6qknbskhbasofxh7tplbliinktuvhyuv52gwskspordmevzgjs7xmhmh3ilpgvhdermlxxfha,"f01269098
"
505,f3sk4jmz2xletiuokajozgobaw54xec2pac2gq3wmuffus6g6mxhtfh7n7m73ldyyzz62mhgshd334s5cte43a,"f060741
"
506,f3xckl2zqiw23yaxuzm4mgev7e2iq56dqibhnn4q7qzejspolufrlsclyjeqbt4hvkzfz5hepil6rbfgqlavga,"f01893758
"
507,f3wek4lc7peoel5idtyddhbt4whlbypmskiwbhlqdxcqnrwtnwkz3jfr2ydm7brrnj7sofsqxut4expqabxa5q,"f01364950
"
508,f3xeeymdwyrr55nskkrnpqczzj5sislhwcgha5cq2znrupe2nwpzpq44ze2yr6jkd32vthlwm6uznorroidiha,"f01909219
"
509,f3smmt3ts63yt75gfxofvoreffkp43ih3ywxhr2kp5kmudcoykpumgps65ssbmyhj5l46f5tdrtspfvmn77yba,"f01787154
"
510,f3sf6lg2anujgnlkjyrgojhc5xornw4sef3u4qclcnf5ucwl3fajtyihqxze6c5xrwa5ijqdf4i6sysltpul5q,"f066562
"
511,f3wgsi3x5qv3sqho75j2excj3vw5f6buf6uyv2fxvvahea6uz3npfzviobfoy5mnsqigwnfmokt3gf46ltziia,"f01450088
"
512,f3tc7yvhapigsmswqkgkpwejhydximchhy37htuxguuc5kzpaoqdh2mcsymmu73gvbetxvxexdvwxczxqtsriq,"f01206721
"
513,f3qcrfavw7qmdcu4ito3gxamvs7nv3kxq64gsyyqldgrqbusow5gyeaxy2z4zilfkhyauvxmaarkprtsnqmnaq,"f01038198
"
514,f3ssj6zsqo55bczvhioh6y57frpjyi4nvduwfuspgqhgxx6h7idhp3yfhi4nrdxqgi4yl33las6z6d4o66yupq,"f01920087
"
515,f3qvn6guv6mjkziwvd5rurzo267v6arezej65ydhmcya3gztjtmpjfhxldtcrc5v4dxwtxwp3fgzq6ynunerxq,"f01038161
"
516,f3uopuugk3lzoums4vrmbxtji6sz3csyw3rcqhwfca7o2l5ohw5d4tyxducxqnonwjqda63z6rufx3dmiuog4a,"f01684848
"
517,f3snfm3q7mzncormyhkxbp7tdsvlnzr4qqaoooujvdn464w6vf4nn6fcnolnur22qguo6x7tjxn52ydnonsh3q,"f01854488
"
518,f3qx2hsjz4uuqu4qvjqiutgdt6yi6phh5icouatxshfgtfuykp37kqgm6yvh62prj7rkwmepqxk5tw7rsqw3pa,"f01125525
"
519,f3umchenw6red2ci3lzmk6dx6yb33ljpgnqrn37nneo3w2rbkb5sb7s53zktx4os3bptpemjsrkba7gz4ic4eq,"f01276012
"
520,f3xci5fsoxassxbp4iezqsa3gpd53knstr3rqflpo42uawqstemztkhsl3aio2j6d7iq4356wfl3zq434nhpua,"f01001920
"
521,f3wfonbwffahgg5ar6qkjgf2rqodgpejtlinhuhz6aemk3re7lgmj2xh443te4yr2cvcyecpbsawhmpupxhcaq,"f01311925
"
522,f3whibsdh7fwv3xeksdfqcsuyocqtfusufgtuctbh2fttjni3pjltqar2qxtwwe6f7l2nazwsfqbjgjydv6x7a,"f01139220
"
523,f3scnanmqpeg2olqq7uk2rvznuv5lr7kcs6vcszvivgm3grjcmy5ofrmwnsfrefor7nt3bajziuqc6cne42rra,"f01752637
"
524,f3ulaguhcbijk6e7t3jconinkzldt5pialcvwewjzjg5v6un2rf5mo3pthsiak25zxyxzhggxq3ub3cbmr7hga,"f0515219
"
525,f3vsplpdxlszixl3ibzoflgsqljtikkfcqolem2tk3f24f2cji7cnx6wdutnhxfslzo2rh3336ybxwh4kmacfa,"f01792052
"
526,f3wohmw453uetxvxgsqx7rzaidbl2ab7npk73bmmonhbyfedtpxwye3gmry7ay4pgt2azj3dvgqjdt62bj2vlq,"f0763027
"
527,f3uovi5rfc3tdko4rofs3kgmdruxch5ejpuwyhht5ip46tbe4nv2o3wcdlgzblwmseraa3siwys5kyd777e2va,"f0843000
"
528,f3rvjdcexe66ky6rleu57etwaabgsdr23zso2t5nigh3vms47cfe2hnxy5hom6sbtn6gdqqffbd5x4qdkcg3qa,"f01438455
"
529,f3uwl4m37w55notayvtry3vlzktcvzf4ent37ruzug7uqgjkkjcerxx73gmmhv6sao2rbas2tfinop5t56jhhq,"f01420954
"
530,f3wa46icuquf4hlkvxsnl367f5js7okehj4i53nrkwwjhqjzxu3njxiy2er25pm6pol6avai2edttgvstkescq,"f01161241
"
531,f3qjhiruc76fbln4brw2q2xxyx5rrcoz3f6yqz7y6ys3k6eompm7cfiieonn7oqwftgxiiooci4t5o5aagwngq,"f01401742
"
532,f3uu6clczmmi34nc7dqevrmb4x7jrbyjui5u3f34qbqn7qy23u3siuxgdaojw5wnvucnklq3swtruthyy2nhiq,"f01260488
"
533,f3qsyxdl645keffbiqo4gzm635n73xog2k3yzebuyvfydmjhnjtriiwmw3yyi437w35fyrw7o4k7vzrhftfjkq,"f01198481
"
534,f3vimm34qernd23f6wxcw7ej5wa7mcztvpyq2nd4hsy4wwladwv4j4jlthaposktnuwhruoadtsdr33iaz5v5q,"f01170120
"
535,f3rgj6wspe5oyudrbdyjf6p5hxmrjrdgjs46ye6xcrk5j3n3rwcwdix2cxwoccjqev6dvllffz4hnd2yi4zl4q,"f01741655
"
536,f3wo4vumx4hjentkwrsdftxuwozo2zjlsjdntfowqxxvcf62iyzrxm4mccqcuxmvcpulrwo675hc7rybqtchta,"f01130622
"
537,f3r4n4eyoe62tkcvuedvaxsmccwth5psnkjst5xva6cuonaexeq3c33an7wcb7x734us5hl4ju4jn5tyybfnla,"f01023745
"
538,f3rhqbgpq4ltnnn432a3zjfapjwbkvgtmjgbci47qsuvzqe6xfbtnvfgkvfjas7f4btfjo7v6wzhu5w7oxi6uq,"f01740785
"
539,f3veca6n4qnoplmrczwgl2hj5kqc7lrxxeuv7oqvxsuvbohhk2bvw3xbveendsb6nnd425u2oysqrhvvoyzvkq,"f0810952
"
540,f3uiff6rxisasptxaaghx52no2kxdoz7kaxhn37tuqswasrjf56h6d6edp6veeufc2rarrhvc5czvmiu2advta,"f0704904
"
541,f3uyphmeblghvaytvpue27423txrnzmbaozyyemyrlu4paz32q7ewvnmaofrdydp2vdqghtkh45lbibknj22jq,"f0435672
"
542,f3v3r46t23wq3j4a2k7wemwzlsgv6tnipnytpnfpdviez3qwjncfdfy3mw6x25znksi575cqgf2izhn3fuongq,"f0396134
"
543,f3wzfzkkmdyd3r7xbnfr5qyzkz4wcgrrbv5zcek3iwhm5iqyhvzphr3yrs34avt5zhpxrrqgisiwqgwqs2qphq,"f0153098
"
544,f3q6skmo2yo7i6lg372wvycw35rqvnf2wnw2n5x6lwon6xwk2qa3hkei5dftvojpek6vpeyev2n7ovjart37xq,"f01792153
"
545,f3rndszyceyraxccxlmizbz2navf25ro3qgdbyuummjv7qwy2fvbsntayjpvgyxot7jo2tmd4l7yrnsm23ekva,"f0153054
"
546,f3wdkghcbhf6rdnqmvxdrvkdid26rfp34knjfnvtmc6zgdnnm52as6zpdm5gqk42usz55wonrjc5oy6q3pfruq,"f01792366
"
547,f3vqwfguizydrp6hqkzgquzh4ud4sixjor6f7i337viuc6us7ihuy62xebqlzoaffd4zztob2qch2zfzlg26fa,"f01792331
"
548,f3vuweysea2oidjmqpfeowa5necniqnaxkzocc64g7hspmgllthlddt76omuu6bqkx2cduss5xmmme7e3ddvfa,"f01854591
"
549,f3rjqeslxvswwtydbd3kayqodwslzx7lkbkj5sd75s5w7czsadqz2vpkm5nj5zjqqqumhbhf5cswzd4ueggrea,"f01165
"
550,f3tbcweoohogc26eezrvskpa2yxpmcq7iovdijod5mabic45f5rmowkqgdue4ridpjetdcmtwkfi3635rhha4a,"f058343
"
551,f3qzsfsej35llskd2nkpi4o437ph6qqll475rehv5c5q7t5zi4ady4llfnc7ec3cf2o5o3vwkc436fby6zsi4q,"f01500883
"
552,f3vzv2atyratmmhgxz7m7luoa4wssaa3y5z4jgdxf6xfruykiydnxxeqnlnripukrhvouwprppcn35452o7hnq,"f0826986
"
553,f3uibkawdgt2orondjspzbhfvtgqganmpdxx7fvluvdbu6tixcqaowvsxhdz7bqvrednnslz6ukwaed5qf2otq,"f01815386
"
554,f3uyh6ag5d7exes2pm7wp5gi2srbbatrsljx7qsuigmrgfisenple7hwxce4xhf3wvgsgudxb2te6stgf7av5q,"f01847511
"
555,f3uff5fy2pjrxypkhimzvgsdd53qhz6usjota4lamiuvue27mvxuwm7llbygnzifmoxapee7okgkb3x5dqx2iq,"f0494778
"
556,f1kwceghj7dulbl5pinmdhsdfin2ryclcnpykjpii,"f01427664
"
557,f1wjtrueb5pcjbq4d7ijt2nidg7wptyxmmgtyviby,"f01881076
"
558,f3smmvon3bcikfzcxdx2lbezo732njvwtug4henngpmahmrlhnrn7klseuskjxdvjltau32icb6i73xkny3oja,"f01307581
"
559,f3tgwwxo6bpcdqts775wafte64jn6ydnsyrpwedthgf7b7ktbvzjblxp33nfytkv6zxm2yqmnfczx2ilxibbdq,"f097431
"
560,f3vaeizy46gpzepfujanjmf6fdhqtjiwfh6xfpe6uvjaxuy5w3pb7ygtx3iyrevrthtj4gskq4t6pws75ms2mq,"f0490413
"
561,f3w7c3xdcgqvo2lccqrvddubijliw6d4ip7d6wztnuassruwikwqsw423s23mr4pw3u3lozacjs2mizizmvzyq,"f0513530
"
562,f3wwm67idc3h5fuhhlxaxmjiq4mos2ahmjxbefdpzn3afw3wzxxg2dkwtaje3etvpkllhd5y2wuui4um4x7bsq,"f01284797
"
563,f3syl3f32vamrk6g7ewtrx5qdifkhabh7ckytromhh2nnyqppudjms7tvl3argudxmkv44n6rjlkawoukz7rcq,"f01886512
"
564,f3rx5bggeatdantmtsvhc4knsgvqpjgyeah5ptp6jslo34aebe4ne27arowfkmewhibujh3rfcc6eief6r7hya,"f01886514
"
565,f3sl6qa2fzrj4xavz4ckczo3d2ydivjc4kfhahjsrmw3hgw7yetnuijh2ymuqih4qn6sxwt7jlprelqu2ooqlq,"f01171307
"
566,f1pzj3hpnoebbcjxknabvbinqowqoebyjg3uc26sy,"f01435165
"
567,f3waljfpgoju5l7gk5a6ed6x4emgbzhyv5d7u4kbpk4ojhjkjgobkd7aq2jn3hvgkq5l2zv6cmwb6eqk2thqyq,"f0764921
"
568,f3v6bmnl7h3ucuekz5pqn67lnvwgzctjw4xkq7qwdwvuqe3bqoedqwwawxl7ximooo5jj5pguwdhqam7tpxsva,"f01026887
"
569,f3qlswwr34nwyleul5mqyh7kh4job5hcw7cklasay6ldttdfgvcfpkv2urtf72dfynpehkge7ctpgrelpke55a,"f01870881
"
570,f3rjgqc6gacoksdhsxgqoq2gqugoyvzncpc3puu7wntj2ojvxs45y2irkv2kxkaxlyola65bp6cbajccuib3mq,"f0409082
"
571,f3uand7pbjavfqo7zqutpl2nqtxfl56qedyfcbesmjtmmigtxiadmy3oo742skwx3qqynokxkytjq67mcq3ozq,"f0411135
"
572,f3uj6ijatvmgy3etlxgvmsoqs5bl7iw4cceyvblfxbhxrpp72atkv3zg2pyoxf6qtjg7rw7s33bmfeprw5cudq,"f0411144
"
573,f3qfjungx2xc6qzsflv442tbc6e5bq6p2t3ruaeormclbahxjpduwxneq7n6qnbijqmsxagytj32pjvvv427ua,"f0411137
"
574,f3whnftehrwtinhnz3t5lh7gw4l2djsgbzwt2m7b4kbsuakdvn7gyg7i7js3r64wyb5t4fzojlgtjabpxhzzna,"f01901201
"
575,f3undhgktx7hiy55t6vedflu2tj2oi47ypc6cnf6lxhiz7kjcvne67b6d3othncgrzon5v6nctpqbccvkvdwnq,"f01908600
"
576,f3rvfxsrxpn66bx72sc6rwy2ktirj3xca3wwjgrrtwqncvpxvkcrc4reshfglawgkuugyuxnaoylrakpxvst7a,"f0127407
"
577,f3qmkbdnvxqnpie3zpcc27qf23uccl6f4xrckmyfvbypljnjf6vptncimc3xikyh5khb5k4hdcm3aiiuusvydq,"f0883182
"
578,f3qh36emc2to3wy2g2fxpoglm3sazwun7aqn5dn4ykconbvi72ekimjsheumnc5dv74xkoz5i5zkptmqa42l6q,"f01132021
"
579,f3vcgaqoltxdla37jhm2odfffcp5yifd544aim5dx5wmxs54tbopu2qp6tt5giaihohsqqtbkbwa3itvnocdpq,"f01387400
"
580,f3rrhagegjqygpybfes52r7ylp6xudpq6jabq4fagrox27sewi527ohhveze6xiputgsirqqsegfl57u4dmxoa,"f0144285
"
581,f3w3rf25apmn3kqntr3om3zh3kx5pe3ze5sgrsbi54kaq7oijvdjw6q2sw36qyod6cgu2phqlhl43n2pkzjiga,"f01387412
"
582,f3wjdyneylv2ixzp5j5nvush4ay6jkavp77gfnzznmzighihy2twyks4qo43ohdg4jgd4awbczpog2bcmi6qna,"f01387418
"
583,f3s6xbjvtcrny3yjcuozypmkhrmg3llrs3r5rbou7tp6azwvbwanrc7rtfxs5akmi3oltwvgq2qluausmwr3vq,"f01889586
"
584,f3wiqlpatcb2ozwrhyhgsf5r262aqfhzmohddaja4zrhrdse4a2mbajzqtxtx4vi6eywyyfrhhb66yzcco6hya,"f01387341
"
585,f3upakqvjyy3o2fzqvgqwwt7nz74572vuwkotgwvhoeu4x5kuvcelvxv4mtuj7zxzsugsk6k3kismqbeqhxl2q,"f01308754
"
586,f3u4mgqd4cf2nolf7ppfcgdfp77oofwxnq2cwmke7bpeuhw4kfx67e6kw73jrouvbkzo2qzmddpv7hfvhdqnua,"f01132038
"
587,f3qwolsdeb6keje37gvxzileejj533bid2vdwmgvtdhlpx7k5hawvh4sucncrgaabnzwpaiwboaxhmm5626djq,"f0399299
"
588,f3qnov2gfqrzygfy4t6ofzsrbizrbhli5gke2dl5p635f57s23apd4okffxtrgbmtwj7dycwh5tzeda4zncuqa,"f01169673
"
589,f3q77nyqujbdl2typrhrsxbr3v5nvbd5oz7vy63rcwc2i3i4mt4cbgzgd7l3z73jqxqjk3rpmiea6lx5daes4a,"f0135430
"
590,f3tehpvupmrgejr3yg6r55y7hqrlzrko67ignegzbfhtcoi3m5xgslhacazgx2rgycekdhumjjktl7lapsojaq,"f01387389
"
591,f3s3ei7pj6jynx6llvmwbimueyqzm2etpjezhqaigt3fwv5fr22qhvfccwfi3tmco3asfikryfpr2s5dfwvisa,"f0144287
"
592,f3wlidmr2rikexzkfxd7orb2unxftu5e2wme6ri4bu2pi5edzebplqlnvxx2ddc24ogdelw2jgjq3jrul56vpa,"f01132017
"
593,f3sfemh6sz2zkrei23ra4fng4kjqr5tek4bleyxbrvcyndxvutmep27orixnjunm5cwqq25x4xlbup3jqbt3ua,"f0223064
"
594,f3rl3a7aalxsnsub3bkaejoqtxnvgabyp6cdrsns2immqwsh5wz4zgj22fq74okf7btouro4dmp4fdf5d6aeaa,"f099935
"
595,f3wjj5sotnxjpc3oehnqm2d7adlfgdyycpvbsxb42sl22yubxzfalxsept7775g3diyc2d45remojbkebhhx2a,"f01132010
"
596,f3wxqf5h4gmvahkv7iullmdmdtlm3lxkfygrdsrqnyn4tunodb2omfdjc2xznzsl7md5zpepgjhcsvhqqmo26a,"f039933
"
597,f3vq4fgtxpstypanki6tq3ztum4qp72hndgfxfkqw7esfn6zjtt5h4cd27zkupco7zpn3h4yruq6yooby74pjq,"f0442186
"
598,f3vmsndjpjk4jx43mnbqkvc5jwylily5655f5xre7nleifh7brk3daha3teznugzq35eoytxbtbljl3kh4o5iq,"f0223055
"
599,f3rfcblo24t3mlqs25tz3nvdgcwiauob22so7j46jc5indybccytkarcc44xvfngceplsgo7kkve6435zytsua,"f01169674
"
600,f3wa3tep6y3dzmu4kanz6bjzznoiafwghuvzsoaya4aquzkcoj67lbljalvocwc55m67fmecmjoext6usw2pea,"f01308747
"
601,f3qxcomka7mzfaahchb5hlftn43jlegxylnzwvaboljfkizx7bfbqck7bue65tzbqain73swoyelzi2peifddq,"f01387347
"
602,f3vtx4izacpdvbplennvhroutt43jcmathwagb3vkqh6dw4alryj2yjohmvxr656ggraruzguvndw273m56cea,"f01387351
"
603,f3ryabi32ewxqd7dl4hmp7kimmybtct77rfvvstybkp2ljxmohmibipxnhfpfjar2ueeatwmkrqzca2hbsapia,"f0883184
"
604,f3wfk4ochs4vomhsc2rabpn73x6envv5vfp7bz4ebubsomgnh5c7h5rusc5nsdhjnheymsjesb6v5txkycuuia,"f01308761
"
605,f3u6jwsfhxfeyuu6e33isrrzp5zdzd64kjecegzbt56u3rzsjvqnzmw7jwqpnjvckwafshv7c5imtrmirltj5a,"f0883186
"
606,f3rcwt3eqmdokspqfenpjl3h3ioldb2mcpf6dvbblywsopnz6wkii7qripmxveolb2slmb6fqptss4uynthh3a,"f01308768
"
607,f3rfhvbpgtvmqom7lsjahkzy3ev6nwuuidgrychjbte326nktgrfwfnihokxzzupknvedx3goq5ppz52apirja,"f0442183
"
608,f3u6mdx55mxv7yfbjbjvpqsf5sfmm7rvrkzw4qx2lyqxehqjbgcesf3cyw7wqcr4nrgvxambfcdbjgdqxxn3la,"f0883180
"
609,f3xfbti2s4w5jbbcokiaqhhaoynpsqd6khxqbyjtqaytugu3jrjyzufkbeklgfc7zl6rmkfewudqe4egui36ba,"f01387383
"
610,f3sm5kfzczxwokjfm64vo7vpu3q4sick53f5hxam2gyagq5xoahdqcwssdjm6mu32pwfr5erufgi6kdewc53kq,"f0807328
"
611,f3spcw3r67lcmdwp4w5ivfftpsmm7ail6fgukrsdgupb2mqxi3mbpqrfqfngrwosxqxw5l2liawdh6j62k3uhq,"f01308746
"
612,f3sw5hxnwmeu4xlivsxv255wa5ayuue3na5jxkrbiup63k3otfboeh6yqbmbhitxlw25af3xexef3igsa23unq,"f01132013
"
613,f3r7e6pqpvvp7mkxhsk5ydkoq7esttnptmiwsbkat2yt3vqvq7jag345grmmptwojabxm4yinfm2i6lwo3xt7q,"f01308767
"
614,f3r4l5js4j2scn6eg2eijiwebcwy6ersh7uf37abifmjfp6k2ljmrmysabpkvpbu343j4ermyfmcgwwp4nn3oq,"f0442187
"
615,f3s4yxhwqcndccjdldhlz22xtba2bq75n73kvjskg6s7iezcdi7rhin74pupkswvgjuw2tyhtjuxh3eanegtiq,"f0399283
"
616,f3sjlnhbi3d3itjrw7m3dyzad6agwcq2p365wxq6fmfsbaen24evrtpybitxdx3wswamyetrvlglnd7desp4na,"f0442182
"
617,f3xc47vacyfqcza67wsibn6styfe32pi2uhxsguglwyxtk5at7o47hwjwlx4xj6k7yhz25t7q4anya6eseefza,"f0442190
"
618,f3qa7cxkryb7okeb4oy6sj4wimw7qvlmuskui7kema7k5w6zxczfwsxc3pqnuslaipolnpodr24zzjt4o3taka,"f01169681
"
619,f3thttds3vtxe4k22rwu6sxwi2szwestjdiru5lrd26niwqfdk6jlnpb34wibz2evgaiflzc4aicreaq7kavnq,"f0442191
"
620,f3rldksutoneybn73jiwsxjhnsuxb56rti6wfe3lkd7bolor4iyuhnhe3cy2ojhhdb6l4lnysystmriew4dtlq,"f0807330
"
621,f3u2clidv6pa3wa56x7w7dxrl4skbr22vdjwu3wwbhw2n5sowurujwpwtzs22ny5mc5xddkep43q7ka2dgxaha,"f0399281
"
622,f3rjy3skewt4zeyywymrz5vzyytqgqoep3cwt4nf5ybxat3jgmtjofl6cs7cgmp26j7c5v6qt2ktyyt2phclda,"f01169682
"
623,f3rzkuxxpm3wz2gxa6ljwcfa3p4zs5zavp5ymi37zqa2gct3billiugtx65ntf7v5kuab2fbkxa6b3tqm3ogta,"f0765716
"
624,f3uacn4trupvnsf4lc3q5ftbelztipfdwonntmfrzdbwjhil4lmxw55e43ayd7rgdklivwz2payjx5qra6lkba,"f01132040
"
625,f3vk74bn7y3xeqrlr6xsbmrpscaiymp2bsxrd2q3uaa2z6zcfh5la6es27cwrry36g2e5spi62njoqumdlpyta,"f0765760
"
626,f3w57fns7gztovanwnc5yrakku2ra5hgkuaxcjynrglbabbblguhreukv7xzjunpe6s2shqfejlsndkobrrxzq,"f01169676
"
627,f3qk3mrr42wwkf6huuwuruaqqwgcl4faopwfgwxdik3sxveu7fhwsp2olnod6dgrrxsbh727dqw7zpil573jhq,"f0442214
"
628,f3qqgli2omynjt5vy6hn33ipbprlraeob2xjefmfgg6uvq3xph3szvnqwkkmbqrvpdlnxkjol2vf4fhycmkfhq,"f0135431
"
629,f3usl5553q4lkrh2zwuuavhr2duw4jcresreh4ezgpsuxizsr4jvrilz3ipsg3yvb4wwgmfyhaftjgfgrmto4a,"f0153021
"
630,f3rato2l72n6ncsnln4gyciem5x4x7zxbygjuu3fofx22ps5d6progt3yl5y37k7tsyndvs7rta5ttnmrhe7bq,"f0746827
"
631,f3sjcdpxbikbed5muuqbwuzz2t3smssrazwd5gxfpbrmlbidzny27gjbhohn23ucg7ff5n4aztudviprud5ccq,"f01132029
"
632,f3ryflsbc65nbdnjsydv7uu3roxaldcxbgclvcoaowvehfk3lkrpkrxqnvte333mlhedk7fxx2xtjp5ear25sq,"f0153852
"
633,f3wxci556homqtxyyw3mtgcmzs4wfedcjjd6kxvbuiv7ejtppfs64ptuehy4bnilczfdrahzh4fgwy6i7at2xa,"f0442222
"
634,f3uiosaweigaxp3njj3ssch6uygna2afby2anobql7g3hm2m3rcvn54bop6pnifyrvl7dootke2z4t2f7cdpaq,"f01169677
"
635,f3un7ve3qc4gwhsp3bjlrhlhh5kwe67oepzg4o6jny6e27u3ds23nw623dgnrcnqoxtbckb7pfktxjcezur7xq,"f0442188
"
636,f3u4o4avbcxinrakqjfcn3kiasayv4d2uubdozuhmefu6igk53y6rh6jcxgivg7f5v4cezv7risccmv2nfqvma,"f0153853
"
637,f3w7djhja67is34mh3mrqr4gmpwrncsz53mqcmxzlsgyinfukw3cbbx43qeybkcwyzcfjgj3qdjs2dxcrk5hea,"f0117520
"
638,f3vczucznufyawy4u27xycldigcyo3pym6b56cz57ej7awcss5h226jtpifwxqayi3wdo4gaylz2kifrayfkla,"f0153037
"
639,f3qiszzjynaka7bie2fbo2rm2ht23ae4mfg3rf52qgloonxssgu4n7yemx6cczkvfjeu3rmh3q5htupp2ntbxa,"f0117518
"
640,f3v3fsn5jbymdj4gtjyk5mfoektwiycwdocbkyqu3kv4bjothmb6owglm3ad5xkdxyz4nkmyblu2xbxjpj6nta,"f0718876
"
641,f3rdozwp7utfwmt3a5v2vvx2aayhx67de4xr6fss2mlnnsjwwovf4joy23qazrn67ypeqkiden3rzk4w32dyeq,"f0442226
"
642,f3vwtypyl4furzlezsidrfjm5aryunbv7udpazumggwx3uzzbdrsgwad5n5flqhkbm77auiq56aoiy56trp63q,"f0117516
"
643,f3wbujhwxxei35nbw35fjbbxvpfhpchrcvrdu3zp5zc5j24imwflwzoju3f7k44tpchjlgezocltxywlf23hpa,"f01308773
"
644,f3virrszyi7izi35xkg2odl2ru3ma3o2ju2id44ljr565kavw3qq2p6p7ve5lzbwsceqq6xi7vd7ismbud3z6a,"f01132027
"
645,f3wcdwalwnbtglv5w6ff4lz3ntfdharq7ivufbuqz3o2c75w7uavsbup3byk67dz5rmgvkna6mk6uum2wd6hia,"f0127419
"
646,f3wooocwg5g2jk6jp6ukko5woehidyvtz6ac7so7yb6wtdk4ffx4mgwxebswj3xgfm2n7j2dxts4efv2egmz7a,"f01169680
"
647,f3uxabcz2sudm4wyjosmtulk7p3yvy3dwbfi4lhgwzoflfdjzrasbriziyiz7hqonshtlfqhvlhyzgzm7i6noa,"f0135432
"
648,f3qaicy7fvo545ypr3hhshlhkwkbm7ghugmcofi74abhbinenjr6ytuozlruo6rkisc4odw6mcayfwrewtbina,"f095949
"
649,f3r4mop2jo3vkimjyhv3vum32pgoj6y5xruqfwmmao7qedulnjj73om4fbbcbuzzqe2xpebjc7ffw3gbvjwoda,"f01864146
"
650,f3vemd5bxlhqm4a2jrtrywshmz7q22haa3ekg425jjejv3khj7lgefl6j7mcvrfwz7cfu4jplovuy6rdj7zxfq,"f01308772
"
651,f1j44zfs3uuiu4nyls75r4yy4egacww2civkmuyiq,"f01447164
"
652,f3spkxetthiedxf4yyfsk6sggvwyl3o7xupqiovews5ljjmtvoutt52xspxy2cwwqlwmioty5bvpaab4qls6rq,"f0442223
"
653,f3vtzqjvwvd2vkgsp5rw76rnl4eqeuya6cul6rvupnfryys2zxl2bu55fm6paczvlfh4nxdwjpyrz474du7gtq,"f0807341
"
654,f3ssrjtuxqo6x4wbsod5miprsydelfyyh66vbawnxpepxprllaw26s4z3yoyvtd2vty7ovyip77fp45pkjoy5a,"f01169672
"
655,f1v2mf5vcg2dcaqaem7qcwsdenvmruxlkscqltgaa,"f01734531
"
656,f3rlb7rz35cnolnqzdxdc64fbydpoedpnn6oomt2utemo4ldwv5cbasp7aroo2ggv7ubrquvshhrlutfbh5cea,"f0807339
"
657,f3uicp7qppue5hw4ow3mjacvy3tiplvsxscnx2m6kgn3cifffxnhaut5fo73un254bbc5r36otdx3leh33hmwa,"f0807351
"
658,f3wjw3ttnqyv3hn4hpfgzbpo4yi3pd5wztb43mji3q3lhyoz2b2k3b2metaol6lnx2c63exmtpjmwfmvzxnkna,"f081640
"
659,f3wnvobhrthxpbxoshemwdhadono62shlmqox6tdgawqfaiy3tx6yvxv2xpsrgdbfnrqbxmg2gqvgi3nes2giq,"f0442164
"
660,f3ujhpnzabkwg5ko4arpugth33qqjqzhjmrmxcskftsbbnyecrgj5hdxbeoaewedmpsjv4zi3afeiu67ysza4q,"f095953
"
661,f3vj3bt4n7hfksdfu4acbec6c3abd4hayu2xxe7cughxwd5ksxvc76teaf223ruwdt4oxpj3p7uhwfj2jgv6lq,"f0399293
"
662,f3wocjgbiwnieas476aw34k3aeg2gx5hca72wt227lezzssic2rfymlnzt745nblfqqlvlgluwqgyzij4dz4ba,"f0442195
"
663,f3sahli75oz4gazkgoun2uwupek5kw24hzerv63xo6r7fexnm7wiqhb6civaizyy6qpvus3ddurkqzzpj7xsba,"f0223059
"
664,f3r2hb6caywfnrzamhqaszsqgiwvddtpu73fyj6k4qf3skojxtzgytrj5ezs77i7subov3yelzzeyyyru2st4q,"f01169675
"
665,f17l7bfarwnpxvh6kyjoqlzuqbzqrirzb62rjrv4a,"f01739067
"
666,f3r2upgfby37mlvazq34qts76oie2nx64bkpm6wv3n24ptrqiympu65yg2n6x5jorfv4ba2jz2bc5xwdgrlmqa,"f0135433
"
667,f3vsgpzhp3rdydxkpivoewwdbuma7m5gmdwdrzlq5hdg5ruxzf3gswxnev7ehqmkfnnoeapy5y2c6bvyjqborq,"f01853498
"
668,f3rh3gor7mojys5d3nk2x5jwpafz2y3q7r6zxdb7zxgvmwfwliac2mhpogoyu56bksowlbumadncl6lmoj7rda,"f0399291
"
669,f3rwnvpx3onbdoot5xfzlcsltly2jade55syebykzcssbixmse4goh5q2ky3cbay4i3swrpslt7ngd7xfcxvqa,"f0223052
"
670,f1qi36a73a2hpdd46hcaf6uskleyadxx336q7d7sq,"f0421416
"
671,f3rsjxzbs24n6undefb5pgsvow23crm7v5ydv5yplpqnshtuscpidhiaprizjptc66v2o5lbiocdlqelhtxqea,"f0807343
"
672,f3untemywbw24iitcuuf73rts5rpuanwgb5jwneatiebwirq2bijw2mt3yld2qq5xq5igmg3r7pskpwuyc3bda,"f0399297
"
673,f3qlowvzwu4xxzu5ihdigl724cgzursxdz7hhhv7o773ysokvo6mwkbgkgatnsi3dp6z3vjmkupfsdrre5zlxq,"f0807334
"
674,f3rtwaw3kvgip6suz5pjvfek3vsvn3v5ks4excx3e5qqmwp45eoemk3gqnzhf5q6vzz7zorh7m32mp5rllhgtq,"f0442211
"
675,f3tafjsnpfkw4v4p2mvr4d42r5po2ivv7niedoiemjo4lp7m5irlsqgd4b74pffuqaxj2n55yachf5kx64mxuq,"f0442209
"
676,f3qxrfjcxip2vvgzl6csfoaxtev3orqyi4tktuxzks77stepmpsq5pwhis4ryst4ok3rsh4eg2w4hkkpakb3ka,"f0807349
"
677,f1mdhuuj5cu7s72c2cnymfeka36lct7fdyf23firq,"f0107582
"
678,f3qyzrz44o5r327uiywbtewueevqdqtufvg6vfsuq4qzo2wkupdk7d4figy4tv4sxfm4u4gdkimnbjhrhrnlaq,"f0223061
"
679,f3wdoqwe7ijkbrl6mlv2sithcniaqzjpn72p6hfz343vefiexnkjppy2hnay7r4kma2nuiwdwymfhhvxzdvnaq,"f01873087
"
680,f3u6mpyw6aatnspl7phpmwqwh5rzvio4g7lzececpre2zuxjlvlpiiduguqlb6ixqalnqb34oz2aj52yypaila,"f0807353
"
681,f3vv3zg23islqj2ku7rxl45axifvhda6v52c2a43yd5kur7uukc2kqnineymon3ywworclg2uwsjvxlufnd4pa,"f0399295
"
682,f3qxjspnvkchsuxeqpsmxhpx6rtlfyl3quwylienxip4ddgpij7q47tdxsb22youzimx6guvgk32fvvbqxljya,"f0807357
"
683,f3uaqhrgvdzzqktco6wocurjtxwci2j2wfix3nla7b7abfsiake4e6bbxvgtduubnsr3ksv6rffue2k6nfu3eq,"f0399289
"
684,f3wvcmlcujplxjtliqrn5df7boog2uqurktrrk47rjltxpkkh3voe7w2rokzz6msls5l633xme2jc3pc3bldlq,"f01169678
"
685,f1n5dmr25pogpqkmjlhjkwdm7zabbjnrdne27fryi,"f023596
"
686,f3r4qr65nttgphefnwop76bkakojivu4or2mpdjal6fn66mjwl5gi3ajsxucvwetk3pomg3yeshvei2uzashpq,"f0142713
"
687,f3v225coe7nq3ykxodrolcakj4cpnjomffzcjcoqr72s5bspzb66sqqb3lnophkhgfve7tym5qcuycacqnfvba,"f01624046
"
688,f3uuswinq4f56kfygylk3al4kuxavqtyh75xxm5ksgc22vsigumvy7p6rnezugxbjj3r3gmpa4omdfj67esp3a,"f0144274
"
689,f3wpfswkxunhnzblh6zanei4z4vswtvq7czodqier72cgloij4gdqwxpfui7nswa3yskynp2v7uxegp6i36lva,"f0142717
"
690,f3vluq2xwzf7tk6utyfvvd27sqyxa4qktmlb27ovz44nqedozognau6ngzybaq37iyxwj7nnohblj2hmhwzl2a,"f0127417
"
691,f3wekbyfobsw6s65m5pmw5jmklcna3ossofubwd2vrxherdl5y4egcsfrr7zwjttopwukqoidxhfpyrnnps74q,"f01132024
"
692,f3sbhlv6tlpwcess7drrotyyazbjjkbptlvcmo5quky362bcz2t2qbx45fnwfybrdsp6sw7lf2cpnd3jbieisq,"f0127411
"
693,f3v4r355etin4iyowhykjtkh5zrd2ojhyhk7cuce7n2fxu6qx5nbsiy4tj3dqt4nytsartqrdmjksnozfdz7uq,"f020236
"
694,f3ufho3azqgshkis5wn2jnxa7y63tlmi64jdjnir664qd6hfwgixjrlui3zhaothwrrfsipuah5ylcqtn4m3tq,"f0127415
"
695,f3vhrqsxn45gheb2vrvfwe6tvcfvgutibewn5mswpdmwc6jjy4fdjospypvgzzp3zazuqigl7ffmeqm5box7ha,"f0399072
"
696,f3rhdwxa6jgz5p2rhf2kkwfsrfefv5ecmb2zq5mty7f4tziwcviira74jph7wcefqwquqqtyqow7olqsc6lu2a,"f015906
"
697,f3skrjzqfmkjgmuhohplpvkcbxt74qbkc3yjxb536o32kvinikbfq3fpjiqjaf3epvvfmrmp6ln6wranfs3wqa,"f0104903
"
698,f3w3rs3ngqhuktaiwqiqrkyurkejmxjlpj5pib2vl55kjnld6d37mnxlwvyhrd5nsw5oitwbgjfhalrycli3oq,"f01045708
"
699,f3vnsby4atsqchtb4unpc5g4cbqj27saae3vncjyjfaspshoqz3s66huseoi27t2vihxfl37iuevdjbdxgcvqq,"f08395
"
700,f3r7hmxkfa27uu74hgwuaqklcreipv6gs7pefiihex2lhuxmbllsatsjupdbumfg5mnyva5q7ky5ildxp6ap4q,"f01611085
"
